type,code,name,opening,current,active
Customer,100016,SHAFI SONS SOAP FACTORY,0.0,0.0,True
Customer,100017,MUZAFER ABBAS TRADERS MUZAFERGHAR,0.0,0.0,True
Customer,100018,HAJI SARDAR BUTKHAILA KPK,0.0,0.0,True
Customer,100037,MEHAR NISAR TRADERS JALALPUR JATTAN,0.0,0.0,True
Customer,100038,AMJAD JAVED BUTT KARYANA STORE JALALPUR JATTAN,0.0,0.0,True
Customer,100039,TAJ KARYANA STORE JALALPUR JATTAN,0.0,0.0,True
Customer,100040,SARFARAZ TAJ TANDA CHOWK JPJ,0.0,0.0,True
Customer,100041,"HAROON SWEETS SABZI MANDI, JPJ",0.0,0.0,True
Customer,100042,AL-HAMAD KARYANA STORE SABZI MANDI JPJ,0.0,0.0,True
Customer,100043,U-A BROTHERS SABZI MANDI JPJ,0.0,0.0,True
Customer,100044,KHALID KARYNA STORE SABZI MANDI JPJ,0.0,0.0,True
Customer,100045,BISMILLAH SWEET SABZI MANDI JPJ,0.0,0.0,True
Customer,100046,SYED MOHSIN SHAH SABZI MANDI JPJ,0.0,0.0,True
Customer,100047,KASHIF TRADERS TANDA,0.0,0.0,True
Customer,100048,HAFIZ TRADERS TANDA,0.0,0.0,True
Customer,100049,AL GHANI TRADER SABZI MANDI JPJ,0.0,0.0,True
Customer,100050,BUTT TRADERS SABZI MANDI JPJ,0.0,0.0,True
Customer,100051,MAHMOOD KARYANA STORE DOMELA CHOWK JPJ,0.0,0.0,True
Customer,100052,WAQAS RAFIQ KARYANA JPJ,0.0,0.0,True
Customer,100053,AL MUSLIM GENERAL STORE JPJ,0.0,0.0,True
Customer,100054,HAJI ARSHAD KARYANWALA,0.0,0.0,True
Customer,100058,HAJI WALAYAT KARIYANWALA,0.0,0.0,True
Customer,100059,OMAR LOAN,0.0,0.0,True
Customer,100065,NASIR TRADERS KUNJAH,0.0,0.0,True
Customer,100070,ARIF TRADERS JALALPUR SOBATIAN,0.0,0.0,True
Customer,100071,ARIF DHUDRA,0.0,0.0,True
Customer,100072,BABA SARDAR COPRA,0.0,0.0,True
Customer,100076,SUNDRY CREDITORS,0.0,0.0,True
Customer,100077,HAJI GHULAM HUSSAN MUNGOWAL,0.0,0.0,True
Customer,100078,NEW QADRI KERYANA STORE MUNGOWAL,0.0,0.0,True
Customer,100082,BILAWAL FOODS YAZMAN MANDI,0.0,0.0,True
Customer,100083,ANEEQ TRADERS MIAN CHANNU,0.0,0.0,True
Customer,100084,GHAMKOL KARYANA STORE,0.0,0.0,True
Customer,100085,ABDULLAH SHAFIQ TRADERS,0.0,0.0,True
Customer,100086,HAQEEQAT KARYANA STORE,0.0,0.0,True
Customer,100087,KASHIF KARYANA STORE,0.0,0.0,True
Customer,100088,WAQAS HAMZA TRADER RAILWAY ROAD,0.0,0.0,True
Customer,100089,NAVEED TRADERS GULYANA,0.0,0.0,True
Customer,100090,ADIL KARYANA STORE GULYANA,0.0,0.0,True
Customer,100091,REHMAT KARYANA STORE LANGRIYAL,0.0,0.0,True
Customer,100092,MUNIR KARYANA STORE JALALPUR SOBTIYAN,0.0,0.0,True
Customer,100093,AL SHIEKH INDUSTRY SIALKOT,0.0,0.0,True
Customer,100096,MUHAMMADI ENTERPRISES CHOKI BHAGGAT,0.0,0.0,True
Customer,100101,ROYAL TRADERS GUJARKHAN,0.0,0.0,True
Customer,100102,NASEER OGHUKI,0.0,0.0,True
Customer,100105,SHOAIB KHAN AFG CYLINDERS,0.0,0.0,True
Customer,100106,SHOAIB KHAN AFG OTHERS,0.0,0.0,True
Customer,100112,MUGHAL KIRYANA STORE MUNGOWAL (HAJI SHOUKAT),0.0,0.0,True
Customer,100115,GHAREEB NAWAZ KARYANA STORE JALALPUR SOBTIYAN,0.0,0.0,True
Customer,100116,SAHIB GENERAL STORE JPJ,0.0,0.0,True
Customer,100117,ZAHOOR ELLAHI KARYANA (QAISAR),0.0,0.0,True
Customer,100120,CITY KARYANA STORE MAIN BAZAR JPJ,0.0,0.0,True
Customer,100121,BISMILLAH SWEETS BHARILA SHARIF,0.0,0.0,True
Customer,100124,USMAN DRUM GUJRANWALA,0.0,0.0,True
Customer,100125,ARIF& BROS SILANWALI,0.0,0.0,True
Customer,100128,CH IMRAN KHUI RATTA,0.0,0.0,True
Customer,100129,KASHIF TRADERS NAROWAL,0.0,0.0,True
Customer,100131,RAZA KERYANA STORE RAILWAY ROAD,0.0,0.0,True
Customer,100132,RAZA TRADERS WAZIRABAD,0.0,0.0,True
Customer,100133,M. ALI SALE IN CASH,0.0,0.0,True
Customer,100134,SARHAD IQBAL BAJOR,0.0,0.0,True
Customer,100135,HANIF TRADERS DOLAT NAGAR,0.0,0.0,True
Customer,100136,NOSHA KERYANA STORE,0.0,0.0,True
Customer,100137,SUQLAIN TRADERS PARIANWALI,0.0,0.0,True
Customer,100138,TARAR KERYANA STORE PARIANWALI,0.0,0.0,True
Customer,100139,ALI KERYANA STORE PARIANWALI,0.0,0.0,True
Customer,100141,ADEEL TRADERS SARGHODA,0.0,0.0,True
Customer,100145,SHAFIQ KERYANA STORE JPJ,0.0,0.0,True
Customer,100147,GIFT CERAMICS GUJRAT,0.0,0.0,True
Customer,100148,FAUJI TRADERS KAROR PAKKA,0.0,0.0,True
Customer,100149,NEW ALI TRADERS BAHAWAL NAGAR,0.0,0.0,True
Customer,100150,ZAMAN KERYANA STORE ADA MARLA,0.0,0.0,True
Customer,100151,AL MADINA SUPER STORE PARIANWALI,0.0,0.0,True
Customer,100152,DHUDRA KERYANA STORE MANGOWAL,0.0,0.0,True
Customer,100155,REHMAT TRADERS TANDA,0.0,0.0,True
Customer,100156,HAJI FARMAN TANDA,0.0,0.0,True
Customer,100157,MALIK TRADERS BAREELA SHARIF,0.0,0.0,True
Customer,100160,ZUBAIR TRADERS BHALWAL,0.0,0.0,True
Customer,100161,HAJI AMANAT KERYANA STORE KARIYANWALA,0.0,0.0,True
Customer,100162,SHEIKH SHAHID KERYANA STORE KARIYANWALA,0.0,0.0,True
Customer,100163,MUSLIM TRADERS KARIYANWALA,0.0,0.0,True
Customer,100164,HAJI BAGH ALI KERYANA STORE KARIYANWALA,0.0,0.0,True
Customer,100165,QADRI KERYANA STORE JPS,0.0,0.0,True
Customer,100167,NAZAR HUSSAIN FATEHPUR,0.0,0.0,True
Customer,100168,SHAFI SONS PACKAGES,0.0,0.0,True
Customer,100173,NAVEED AFZAL,0.0,0.0,True
Customer,100174,MIAN ABDUL LATIF,0.0,0.0,True
Customer,100175,J. MART MUNGOWAL,0.0,0.0,True
Customer,100176,CITY TRADERS CHOPALA ADA JPJ,0.0,0.0,True
Customer,100178,MEHAR AFZAL KERYANA STORE JPJ,0.0,0.0,True
Customer,100179,MAJID BUTT SAROKI,0.0,0.0,True
Customer,100185,SHANDAR CERAMICS,0.0,0.0,True
Customer,100186,SARFARAZ TRADERS RAILWAY ROAD,0.0,0.0,True
Customer,100187,ELIXIR CERAMICS,0.0,0.0,True
Customer,100189,SHEF SALT (SHEIKH SHAFQAT),0.0,0.0,True
Customer,100190,GHOUSIA FAN (DANIYAL BUTT),0.0,0.0,True
Customer,100191,PLASCO PIPE FACTORY,0.0,0.0,True
Customer,100192,RIAZ TAJ SABZI MANDI JPJ,0.0,0.0,True
Customer,100195,AWAIS TRADERS KARYANWALA,0.0,0.0,True
Customer,100196,KAMRAN KERYANA KARYANWALA,0.0,0.0,True
Customer,100197,BABA G KERYANA RAILWAY ROAD,0.0,0.0,True
Customer,100200,MUHAMMAD SHAFI QADRI MUNGOWAL,0.0,0.0,True
Customer,100201,MUHAMMAD RAFI MUNGOWAL,0.0,0.0,True
Customer,100202,RAMZAN SUPER STORE MUNGOWAL,0.0,0.0,True
Customer,100203,GHOUS TRADERS KARYANWALA,0.0,0.0,True
Customer,100204,MITTHO TRADERS KARYANWALA,0.0,0.0,True
Customer,100205,MEHAR IMRAN TRADERS JPJ,0.0,0.0,True
Customer,100206,TOUSEEF SARAN KARYANWALA,0.0,0.0,True
Customer,100207,ZULFIQAR KERYANA KARYANWALA,0.0,0.0,True
Customer,100208,SHAHZAD KARYANWALA,0.0,0.0,True
Customer,100209,SHEIKH AFZAL TRADERS KARYANWALA,0.0,0.0,True
Customer,100210,HAMAD OMAR TRADERS KARYANWALA,0.0,0.0,True
Customer,100212,REYAN TRADERS LODHRAN,0.0,0.0,True
Customer,100213,IQBAL TRADERS CHISHTIAN,0.0,0.0,True
Customer,100214,GHOUSIA SWEETS SABZI MANDI JPJ,0.0,0.0,True
Customer,100215,SHIBLY TRADERS LALAMUSA,0.0,0.0,True
Customer,100216,ZAIN SHAH MANDI BAHUDDIN,0.0,0.0,True
Customer,100217,NAJUM SHAHEEN SHEIKHUPURA,0.0,0.0,True
Customer,100218,ASHFAQ TRADERS SURKHPUR,0.0,0.0,True
Customer,100219,HAJI KHALID MEHMOOD KERYANA,0.0,0.0,True
Customer,100220,MOHAMMADIYA GHOUSIA TRADERS,0.0,0.0,True
Customer,100221,QAMAR SWEETS KERYANWALA,0.0,0.0,True
Customer,100222,ITTIFAQ KERYANA STORE PARIYANWALI,0.0,0.0,True
Customer,100224,SHAHID SALEEM TRADERS (ZAHIR PEER),0.0,0.0,True
Customer,100225,EHSAN KERYANA & GENERAL STORE JPJ,0.0,0.0,True
Customer,100226,HAJI TARIQ DOLTALA,0.0,0.0,True
Customer,100227,MEHAR ZEESHAN SABZI MANDI JPJ,0.0,0.0,True
Customer,100228,MEHAR QAISER MAIN BAZAR JPJ,0.0,0.0,True
Customer,100230,MALIK TRADERS PARIANWALI,0.0,0.0,True
Customer,100231,SHEIKH EHSAN RAILWAY ROAD,0.0,0.0,True
Customer,100232,MAKKAH TRADERS LALAMUSA,0.0,0.0,True
Customer,100233,SHAHID BROTHERS,0.0,0.0,True
Customer,100234,MOHAMMAD SIDDIQUE KABARIYA,0.0,0.0,True
Customer,100236,ZUBAIR (INSAAF FOODS),0.0,0.0,True
Customer,100237,LUCKY SIALKOT,0.0,0.0,True
Customer,100238,BR TRADERS PINDI BHATTIAN,0.0,0.0,True
Customer,100239,HANI ICE CREAM,0.0,0.0,True
Customer,100240,SAKHI KERYANA KOTLA ARAB,0.0,0.0,True
Customer,100241,HAJI YUSUF GUJRANWALA,0.0,0.0,True
Customer,100242,KHAN TRADERS PHALIA,0.0,0.0,True
Customer,100244,SILK BANK,0.0,0.0,True
Customer,100245,NAEEM KERYANA MUNGOWAL,0.0,0.0,True
Customer,100246,PAVWA SUPER STORE PARIYANWALI,0.0,0.0,True
Customer,100247,UNITED SUPER STORE PARIANWALI,0.0,0.0,True
Customer,100248,CH BROTHERS FAISLABAD,0.0,0.0,True
Customer,100249,A.R TRADERS FAISALABAD,0.0,0.0,True
Customer,100250,AHMED TRADERS PEER MEHAL,0.0,0.0,True
Customer,100252,RAFAQAT TRADERS AWAN SHARIF,0.0,0.0,True
Customer,100253,GHUMMAN TRADERS DHULLANALA,0.0,0.0,True
Customer,100254,MALIK TAYYAB RAILWAY ROAD,0.0,0.0,True
Customer,100255,WAHEED AZAM KERYANA STORE,0.0,0.0,True
Customer,100257,TAHIR & WAQAR KERYANA KARIYANWALA,0.0,0.0,True
Customer,100258,HAFIZ KERYANA KARIYANWALA,0.0,0.0,True
Customer,100259,AL MUSLIM TRADERS KARIYANWALA,0.0,0.0,True
Customer,100260,MOHAMMAD NAWAZ TRADERS KARIYANWALA,0.0,0.0,True
Customer,100261,TAWAKAL TRADERS KARIYANWALA,0.0,0.0,True
Customer,100262,ALI GENERAL STORE LALAMUSA,0.0,0.0,True
Customer,100263,FAISAL KIYANI (FACTORY OPERATOR),0.0,0.0,True
Customer,100265,KAMRAN KERYANA CHAK PINDI,0.0,0.0,True
Customer,100266,ARSLAN TRADERS DHULLANWALA,0.0,0.0,True
Customer,100267,GHOUSIA TRADERS DHULLANWALA,0.0,0.0,True
Customer,100268,GONDAL KERYANA DHULLANWALA,0.0,0.0,True
Customer,100269,SAWAN KERYANA DHULLANWALA,0.0,0.0,True
Customer,100271,SULIMAN TRADERS KERYANWALA,0.0,0.0,True
Customer,100272,HAFIZ SHAHZAD KERYANA KERYANWALA,0.0,0.0,True
Customer,100273,SHAHID ICHRIAN,0.0,0.0,True
Customer,100274,CHOUDHARY KERYANA CHAICHIYAN,0.0,0.0,True
Customer,100275,UZAIR GENERAL STORE CHAICHIYAN,0.0,0.0,True
Customer,100277,IKHLAQ SB,0.0,0.0,True
Customer,100278,MANZOOR TRADERS BAHAWALPUR,0.0,0.0,True
Customer,100279,IFTEKHAR KERYANA LODHRAN,0.0,0.0,True
Customer,100280,ALI ASHRAF,0.0,0.0,True
Customer,100282,LASANI TRADERS KUNJAH,0.0,0.0,True
Customer,100283,ZAFAR BROTHERS FATEHPUR,0.0,0.0,True
Customer,100284,ZAINAB GENERAL STORE,0.0,0.0,True
Customer,100285,ATIF BHAI,0.0,0.0,True
Customer,100286,MUDASSAR BUTT JPJ,0.0,0.0,True
Customer,100287,AL MADINA SUPER STORE CHAICHIYAN,0.0,0.0,True
Customer,100288,SHALIMAR KERYANA DINGA,0.0,0.0,True
Customer,100289,MOHAMMAD SHAFIQ KERYANA DHULANWALA,0.0,0.0,True
Customer,100290,JAMNA TRADERS GUJRAT,0.0,0.0,True
Customer,100291,RANA SWEET GUJRAT,0.0,0.0,True
Customer,100292,REHMANI KERYANA GUJRAT,0.0,0.0,True
Customer,100293,MALIK KERYANA BHAKRANWALI,0.0,0.0,True
Customer,100294,MASHALLAH KERYANA FATEHPUR,0.0,0.0,True
Customer,100295,KHALIL KHIZAR GENERAL STORE FATEHPUR,0.0,0.0,True
Customer,100296,HASHIM KERYANA FATEHPUR,0.0,0.0,True
Customer,100297,KHALID SUPER STORE FATEHPUR,0.0,0.0,True
Customer,100298,HAMMAD IRFAN MAISUM,0.0,0.0,True
Customer,100299,MADNI KERYANA BHAKRANWALI,0.0,0.0,True
Customer,100300,G. MART PARIYANWALI,0.0,0.0,True
Customer,100301,SHAFE GENERAL STORE,0.0,0.0,True
Customer,100302,LAL KHAN KERYANA,0.0,0.0,True
Customer,100303,KOHINOOR KERYANA STORE,0.0,0.0,True
Customer,100304,YOUNAS KERYANA STORE,0.0,0.0,True
Customer,100306,MEHALMI TRADERS SAMUNDRI,0.0,0.0,True
Customer,100307,ABU TALHA TRADERS TANDLA,0.0,0.0,True
Customer,100309,OSAMA TRADERS DINGA,0.0,0.0,True
Customer,100310,REHMAT KERYANA DINGA,0.0,0.0,True
Customer,100311,AMN MARKETING NETWORK,0.0,0.0,True
Customer,100313,NISAR AHMED,0.0,0.0,True
Customer,100315,OLYMPIA CHEMICALS,0.0,0.0,True
Customer,100316,RIZWAN SHEIKH,0.0,0.0,True
Customer,100318,WAQAR ALI,0.0,0.0,True
Customer,100319,AL-SAEED TRADERS,0.0,0.0,True
Customer,100320,DIDDIQUE,0.0,0.0,True
Customer,100321,AZHAR CORPORATION (PVT) LTD,0.0,0.0,True
Customer,100323,AFZAL KARYANA DINGA,0.0,0.0,True
Customer,100324,FAYYAZ TRADERS,0.0,0.0,True
Customer,100325,SHAHID MULTAN,0.0,0.0,True
Customer,100326,CHOUDHARY KARYANA STORE,0.0,0.0,True
Customer,100327,HAJI NAFEES KARYANA,0.0,0.0,True
Customer,100328,BETA GOL SOAP PACKAGES,0.0,0.0,True
Customer,100329,MALIK WAQAS,0.0,0.0,True
Customer,100330,TUQEER TRADERS,0.0,0.0,True
Customer,100331,SHAFIQUE SB,0.0,0.0,True
Customer,100332,SADAT KARYANA FATHEPUR ROAD,0.0,0.0,True
Customer,100333,ARIF TRADERS KOTLA,0.0,0.0,True
Customer,100334,AL-NADIR GENRAL STORE MASUM,0.0,0.0,True
Customer,100335,SHARJEEL TRADERS BHAKHRANWALI,0.0,0.0,True
Customer,100337,ILYAS & JAVEED KARYANA,0.0,0.0,True
Customer,100339,YOUNAS SWEET,0.0,0.0,True
Customer,100340,HUSSAIN KARYANA DHULLANWALI,0.0,0.0,True
Customer,100341,SHEIKH AFZAL DOLAT NAGGAR,0.0,0.0,True
Customer,100342,BILAL TRADERS,0.0,0.0,True
Customer,100343,ARSHAD BUTT,0.0,0.0,True
Customer,100344,MANUCHAR PAKISTAN,0.0,0.0,True
Customer,100345,AL MAKKAH TRADERS,0.0,0.0,True
Customer,100346,MALIK GULRIAZ,0.0,0.0,True
Customer,100347,G.M.TRADER,0.0,0.0,True
Customer,100348,HASSAN SUPER STORE,0.0,0.0,True
Customer,100349,AL-SAEED KARYANA,0.0,0.0,True
Customer,100350,AL MADINA G.S BHADDHAR,0.0,0.0,True
Customer,100351,AL NOOR KERYANA DOLATNAGAR,0.0,0.0,True
Customer,100353,SHAFIULLAH DARGAI,0.0,0.0,True
Customer,100354,RAFI TRADERS KAMOKI,0.0,0.0,True
Customer,100355,SHEIKH NISAR FAISALABAD,0.0,0.0,True
Customer,100356,BASHIR TRADERS DHULLANWALA,0.0,0.0,True
Customer,100357,AL MADINA TRADERS FATEHPUR,0.0,0.0,True
Customer,100358,AL KARAM GENERAL STORE SABOR,0.0,0.0,True
Customer,100359,AL MADINA TRADERS DOLATNAGAR,0.0,0.0,True
Customer,100360,MALIK TRADERS MANUCHAK,0.0,0.0,True
Customer,100361,CH MUDASSAR WARRIACH JPJ,0.0,0.0,True
Customer,100362,MALIK TRADERS LALAMUSA,0.0,0.0,True
Customer,100363,REHMAT KERYANA MANUCHAK,0.0,0.0,True
Customer,100365,OUT OF CASH,0.0,0.0,True
Customer,100366,REHANIYA TRADERS TANDA,0.0,0.0,True
Customer,100368,AKHTAR JEHLUM,0.0,0.0,True
Customer,100369,AHMED TRADER BHIMBER ROAD,0.0,0.0,True
Customer,100370,CHOUDHARY KERYANA BHIMBER ROAD,0.0,0.0,True
Customer,100371,ADNAN TRADERS DOLAT NAGAR,0.0,0.0,True
Customer,100372,SIALKOTI TRADERS DOLAT NAGAR,0.0,0.0,True
Customer,100373,ALI SUPER STORE DOLAT NAGAR,0.0,0.0,True
Customer,100374,RAZZAQ TRADER BHADDAR,0.0,0.0,True
Customer,100375,BABA JEE KERYANA BHADDAR,0.0,0.0,True
Customer,100377,SALEEM TRADERS KOTLA,0.0,0.0,True
Customer,100378,SMART GENERAL STORE BAANIYAN,0.0,0.0,True
Customer,100379,MUDASSAR BUTT BAKHRANWALI,0.0,0.0,True
Customer,100381,MUHAMMAD SHAFIQUE,0.0,0.0,True
Customer,100383,NAEEM AZAM TIAL FIXER,0.0,0.0,True
Customer,100384,NAEEM TRADERS KOTLA,0.0,0.0,True
Customer,100386,FARMS RECEIVABLES A/C,0.0,0.0,True
Customer,100387,HAJI BASHIR SB (LANDI KOTAL),0.0,0.0,True
Customer,100388,MOHSIN LALAMUSA (PAINT WORK),0.0,0.0,True
Customer,100389,M. TARIQ DULTALA,0.0,0.0,True
Customer,100390,AL HAIDER TRADERS JPJ,0.0,0.0,True
Customer,100391,NADEEM KARYANA,0.0,0.0,True
Customer,100392,ABDULLAH GENERAL STORE,0.0,0.0,True
Customer,100393,DUBAI ISLAMIC BANK,0.0,0.0,True
Customer,100394,GULSHAN SOAP KALASHAHKAKO,0.0,0.0,True
Customer,100395,HAJI AFZAL TRADERS POOCH,0.0,0.0,True
Customer,100396,KHAN TRADERS QUAIDABAD,0.0,0.0,True
Customer,100397,ZUBAIR TRADERS DOTALA,0.0,0.0,True
Customer,100398,SEITH RIZWAN BHERA,0.0,0.0,True
Customer,100399,FATIMA GENERAL STORE,0.0,0.0,True
Customer,100400,BABA GENERAL STORE,0.0,0.0,True
Customer,100401,YOUNAS RADDI PACKAGES,0.0,0.0,True
Customer,100402,AL MADINA KARYANA JPS,0.0,0.0,True
Customer,100404,POPULAR KARYNA DINGA,0.0,0.0,True
Customer,100405,JAAN MUHAMMAD LIYYAH,0.0,0.0,True
Customer,100406,HAJI GHULLAM QADIR LALAMUSA,0.0,0.0,True
Customer,100408,HAMZA TRADERS RAILWAY ROAD GUJRAT,0.0,0.0,True
Customer,100409,QAMAR TRADERS RAILWAY ROAD GUJRAT,0.0,0.0,True
Customer,100410,WALEED TRADERS SHAH JAHANGIR ROAD GUJRAT,0.0,0.0,True
Customer,100411,NADEEM AKHTER LAHORE,0.0,0.0,True
Customer,100413,ABBAS SOAP FACTORY,0.0,0.0,True
Customer,100414,FAYYAZ SB MISC A/C,0.0,0.0,True
Customer,100417,ASHFAQ TRADERS RAWALPINDI,0.0,0.0,True
Customer,100418,SAID RASOOL DANDI DARA,0.0,0.0,True
Customer,100419,CH ASIF KERYANA DANDI DARA,0.0,0.0,True
Customer,100420,ASIF TRADERS SANGREELA,0.0,0.0,True
Customer,100422,ANSAR KERYANA STORE BURNALA,0.0,0.0,True
Customer,100423,ATTAR SUPER STORE MANUCHAK,0.0,0.0,True
Customer,100424,EHTISHAM TRADERS KUNJAH,0.0,0.0,True
Customer,100427,DOCTOR KARYANA BAHIRILLA SHARIF,0.0,0.0,True
Customer,100430,ARIF TRADERS KARIYANWALA,0.0,0.0,True
Customer,100431,GHULAM NABI KERYANA KARIYWALA,0.0,0.0,True
Customer,100433,SAHE TRADERS MANGOWAL,0.0,0.0,True
Customer,100434,LABAIK KARWANA STORE KARIYWALA,0.0,0.0,True
Customer,100436,ASHFAQ BUTT BAKHRIYANWALI,0.0,0.0,True
Customer,100440,NADEEM MALIK LALAMUSA,0.0,0.0,True
Customer,100441,IMRAN SAMRAN FATEHPUR,0.0,0.0,True
Customer,100442,AL HAMMAD TRADERS BAGOWAL,0.0,0.0,True
Customer,100443,ZAKARIYA TRADERS KARIYANWALA,0.0,0.0,True
Customer,100444,KHAN TRADERS KARIYANWALA,0.0,0.0,True
Customer,100445,WARIACH TRADERS DULLANWALA,0.0,0.0,True
Customer,100446,DAWOOD TRADERS DINGA,0.0,0.0,True
Customer,100448,HAQ TRADERS CHAKWAL,0.0,0.0,True
Customer,100449,TAHIR GABBA FAISALABAD,0.0,0.0,True
Customer,100450,OLYMPIA PACKAGES,0.0,0.0,True
Customer,100451,HAFIZ KARYANA AIRPORT ROAD,0.0,0.0,True
Customer,100453,AL MADINA G.STORE DULLANWALA,0.0,0.0,True
Customer,100454,HUSSAN K.S SAROKI BRIDGE,0.0,0.0,True
Customer,100457,MALIK TUFAIL BHAREELA SHAREF,0.0,0.0,True
Customer,100459,MAA SHAA ALLAH TRADERS DEWONA MANDI,0.0,0.0,True
Customer,100460,BUTT TRADERS DEWONA MANDI,0.0,0.0,True
Customer,100461,HAIDERIA SHOP DEWONA MANDI,0.0,0.0,True
Customer,100462,BUTT SUPER STORE DEWONA MANDI,0.0,0.0,True
Customer,100463,NADEEM DASKA,0.0,0.0,True
Customer,100464,MAQBOOL KHAN,0.0,0.0,True
Customer,100465,S.B TRADERS,0.0,0.0,True
Customer,100466,ABDULLAH GENERAL STORE KARIYAWALA,0.0,0.0,True
Customer,100468,SHIMLA FOODS GUJRAT,0.0,0.0,True
Customer,100471,MALIK ARSHAD,0.0,0.0,True
Customer,100473,WARRAICH TRADERS MANGOWAL,0.0,0.0,True
Customer,100474,MOHSIN KARYANA TANDA,0.0,0.0,True
Customer,100476,HANIF KARYANA DEONA MANDI,0.0,0.0,True
Customer,100477,FARYAD KARYANA BHARILLA SHARIF,0.0,0.0,True
Customer,100480,FINE BLADE LAHORE,0.0,0.0,True
Customer,100481,SHEIKH TARIQ,0.0,0.0,True
Customer,100484,ISMAIL TRADERS,0.0,0.0,True
Customer,100488,ISHAQ TRADERS GUJRAT MANDI,0.0,0.0,True
Customer,100491,H.A.M TRADERS LAHORE,0.0,0.0,True
Customer,100492,ALI KARYANA STORE JPJ,0.0,0.0,True
Customer,100493,ALI TRADERS DOLATNAGAR,0.0,0.0,True
Customer,100494,BUTT TRADERS PARIANWALI,0.0,0.0,True
Customer,100496,MEHAR FAYYAZ TRADERS SURHPUR,0.0,0.0,True
Customer,100497,ITEFAQ CERAMICS GUJRAT,0.0,0.0,True
Customer,100498,MAA SHAA ALLAH TRADERS HAJI YASIR JPJ,0.0,0.0,True
Customer,100501,S MART GUJRAT,0.0,0.0,True
Customer,100502,CBS MART GUJRAT,0.0,0.0,True
Customer,100504,MIAN SUFHAN MANGOWAL,0.0,0.0,True
Customer,100505,MALIK YOUNAS KARYANA JPJ,0.0,0.0,True
Customer,100506,IRFAN KARYANA JPJ,0.0,0.0,True
Customer,100507,S.F KARYANA JPJ,0.0,0.0,True
Customer,100508,PAINT WORK NEW CONSTRUCTION,0.0,0.0,True
Customer,100509,R.G MART,0.0,0.0,True
Customer,100510,MR. MART,0.0,0.0,True
Customer,100511,FRESH VALLEY,0.0,0.0,True
Customer,100512,PACER MART,0.0,0.0,True
Customer,100513,RANJHA TRADERS RAMKEY BAILPUR,0.0,0.0,True
Customer,100514,AZHAR SARGODHA,0.0,0.0,True
Customer,100515,UNITED DETERGENT SHEIKHUPURA,0.0,0.0,True
Customer,100516,SOHAIL ASGHAR AGENCIES (RAHIMYARKHAN),0.0,0.0,True
Customer,100517,AL SAEED TRADERS GUJRAT MANDI,0.0,0.0,True
Customer,100518,NEW R.C.I ENTERPRISES GUJRAT,0.0,0.0,True
Customer,100519,AMIR SB LAHORE,0.0,0.0,True
Customer,100520,AHMED ALI SHAHDRA LAHORE,0.0,0.0,True
Customer,100521,ZAKAT,0.0,0.0,True
Customer,100523,WASEEM IQBAL HEADKHAN,0.0,0.0,True
Customer,100526,JAVED SB KHARAIN,0.0,0.0,True
Customer,100527,SARMAD SB MANGOWAL,0.0,0.0,True
Customer,100530,AL-QASIM TRADERS JPS,0.0,0.0,True
Customer,100532,ASIM TRADER FAISALABAD,0.0,0.0,True
Customer,100533,MALIK SHANI NAJAAN,0.0,0.0,True
Customer,100534,DAUD TRADERS SARGODHA,0.0,0.0,True
Customer,100535,SHAH SALMAN (PARLEY),0.0,0.0,True
Customer,100537,MA SHAH ALLAH KARYANA STORE DONGA BONGA,0.0,0.0,True
Customer,100541,B & B PLASTIC SHEIKHUPURA,0.0,0.0,True
Customer,100544,NAWAZ TRADERS MANGOWAL,0.0,0.0,True
Customer,100548,GULISTAN KHAN NOODLES,0.0,0.0,True
Customer,100550,SACHAL MART,0.0,0.0,True
Customer,100551,ZEESHAN TRADERS BORAYWALA,0.0,0.0,True
Customer,100553,TALIB HUSSAIN MANGOWAL,0.0,0.0,True
Customer,100554,QARI BAKHTIYAR SB AFGANISTAN,0.0,0.0,True
Customer,100555,SHAHDOLHA PRESS,0.0,0.0,True
Customer,100556,99 ELECTRIC STORE FAISLABAD,0.0,0.0,True
Customer,100558,IMRAN DANISH FAISALABAD,0.0,0.0,True
Customer,100559,MUJAHID TRADERS MANGOWAL,0.0,0.0,True
Customer,100561,MEHAR KARYANA SABZI MANDI JPJ,0.0,0.0,True
Customer,100562,NERMA SOAP SIALKOT,0.0,0.0,True
Customer,100563,HAJI NAZIR AKHTAR - PERSONAL A/C,0.0,0.0,True
Customer,100564,FAHAD TRADER NODDLE LAHORE,0.0,0.0,True
Customer,100565,RAJA TRADERS SHAKEEL AHMED,0.0,0.0,True
Customer,100566,HAJI BASHIR TRADER KOTLA,0.0,0.0,True
Customer,100567,QARI ABDUL KHALIQ TANDA,0.0,0.0,True
Customer,100568,KAMRAN TRADER SHADIWAL ROAD,0.0,0.0,True
Customer,100570,HABIB KARYANA STORE KARIANWALA,0.0,0.0,True
Customer,100571,SHAKEEL GENERAL KHI,0.0,0.0,True
Customer,100572,SAIF ULLAH KARYANA JALALPUR,0.0,0.0,True
Customer,100574,A-ONE TRADERS HAJI KHIZAR HAYAT,0.0,0.0,True
Customer,100578,KASHIF NIMKO,0.0,0.0,True
Customer,100579,F.A TRADERS TANDA,0.0,0.0,True
Customer,100582,JUTT TRADERS JPJ,0.0,0.0,True
Customer,100584,MIRZA USMAN BAIG,0.0,0.0,True
Customer,100585,MASTER TRADER PHALIA,0.0,0.0,True
Customer,100588,ZIA TRADERS GUJRAT,0.0,0.0,True
Customer,100590,AMIN SONS RAILWAY ROAD,0.0,0.0,True
Customer,100591,MAA SHAA ALLAH TRADERS KAMALAY CHAK,0.0,0.0,True
Customer,100592,TALHA FOODS DINGA,0.0,0.0,True
Customer,100593,MEHAR AFSHAR KARYANA KARIANWALA,0.0,0.0,True
Customer,100594,SABIR BUTT HAFIZABAD,0.0,0.0,True
Customer,100595,MOEEZ TRADERS,0.0,0.0,True
Customer,100598,BABA G TRADERS GUJRAT MANDI,0.0,0.0,True
Customer,100599,SHAHID BUTT,0.0,0.0,True
Customer,100600,AZAAN TRADERS KARIANWALA,0.0,0.0,True
Customer,100602,NAZIR SWEETS & TRADERS,0.0,0.0,True
Customer,100605,TUFAIL TRADERS ALI PUR CHATTA,0.0,0.0,True
Customer,100606,RAJPUT TRADERS,0.0,0.0,True
Customer,100608,BILAL TRADERS,0.0,0.0,True
Customer,100610,HAIDER SB LAHORE,0.0,0.0,True
Customer,100611,MUNIR TRADERS JALALPUR SOBTIAN,0.0,0.0,True
Customer,100612,NADEEM KERYANA,0.0,0.0,True
Customer,100614,ZAKARIYA TRADERS SHAHDIWAL,0.0,0.0,True
Customer,100619,PERVAIZ TRADER BAIL PUR,0.0,0.0,True
Customer,100620,AMANULLAH,0.0,0.0,True
Customer,100622,MUHAMMAD BILAWAL MANGOWAL,0.0,0.0,True
Customer,100623,ALI MUHAMMAD KHAN,0.0,0.0,True
Customer,100624,LASANI TRADERS GUJRAT,0.0,0.0,True
Customer,100625,ZIA TRADERS GULYANA,0.0,0.0,True
Customer,100626,TALHA KIRYANA MUNGOWAL,0.0,0.0,True
Customer,100628,SAJAD TRADER PARIANWALI,0.0,0.0,True
Customer,100629,BUTT TRADER DEOWNA MANDI,0.0,0.0,True
Customer,100630,BILAL TRADERS (AIRPORT ROAD ),0.0,0.0,True
Customer,100632,SALMAN & CO,0.0,0.0,True
Customer,100633,LOWA INTERNATIONAL DASKA,0.0,0.0,True
Customer,100634,CHISHTI  TRADERS MANGOWAL,0.0,0.0,True
Customer,100635,HUKUM KHAN,0.0,0.0,True
Customer,100636,REHAB INTERTRADE,0.0,0.0,True
Customer,100637,FAROOQ TRADERS,0.0,0.0,True
Customer,100639,FAROOQ TRADERS QADIRABAD,0.0,0.0,True
Customer,100640,RIAZ GENERAL STORE,0.0,0.0,True
Customer,100642,CHAWA RESTAURANT,0.0,0.0,True
Customer,100643,KASHMIR TRADERS,0.0,0.0,True
Customer,100644,SHANGHAI CHEMICAL,0.0,0.0,True
Customer,100645,AFZAL SOAP FACTORY,0.0,0.0,True
Customer,100646,ANMOL SOAP FACTORY (IMRAN SAB),0.0,0.0,True
Customer,100647,NOBIL POULRY SERVICE KUNJAH,0.0,0.0,True
Customer,100650,ATIF KARYANA STORE MANO CHAK ALI PUR ROAD,0.0,0.0,True
Customer,100652,HAJI ABBAS SAB QASOOR,0.0,0.0,True
Customer,100660,S.A TRADERS (RAFIULLAH KHAN),0.0,0.0,True
Customer,100661,RIZWAN ULLAH RAWALPINDI,0.0,0.0,True
Customer,100662,HUSNAIN TRADERS GULYANA,0.0,0.0,True
Customer,100663,ARIF SHUNWARI DINGA,0.0,0.0,True
Customer,100664,BRAND SMITH (RAPER ACCOUNT),0.0,0.0,True
Customer,100666,SHAREEN TRADERS MUNDA,0.0,0.0,True
Customer,100668,U.S FOOD MAKERS,0.0,0.0,True
Customer,100669,MARIYUM  FOODS,0.0,0.0,True
Customer,100671,ADNAN MEER (ALUMINIUM PLATE),0.0,0.0,True
Customer,100672,CHEETA DETERGENT,0.0,0.0,True
Customer,100676,AWAIS TRADERS LALAMUSA,0.0,0.0,True
Customer,100679,JAFAR HUSSAIN SHAH LALAMUSA,0.0,0.0,True
Customer,100680,PERVAIZ SB TEHSIL SHEIKHUPURA,0.0,0.0,True
Customer,100683,NASEEM ULLAH SCRAP DEALER (IRON EMPTY DRUM),0.0,0.0,True
Customer,100684,UNIQUE GHEE AND ALLIED INDUSTRY PVT LTD,0.0,0.0,True
Customer,100685,MUNAWAR HUSSAIN,0.0,0.0,True
Customer,100686,OLPERS,0.0,0.0,True
Customer,100690,LAURIC ACID,0.0,0.0,True
Customer,100691,SR 5 ENGINE OIL (SHAHZAIB),0.0,0.0,True
Customer,100692,MK PLASTIC,0.0,0.0,True
Customer,100694,RAFIULLAH T.T,0.0,0.0,True
Customer,100695,FATEH SONS GOODS,0.0,0.0,True
Customer,100696,MADINA TRADERS NEW SABZI MANDI,0.0,0.0,True
Customer,100699,REHMAT KHAN SB  (SCRAP),0.0,0.0,True
Customer,100700,ALEEM OIL MILLS,0.0,0.0,True
Customer,100701,SUPERMAN WASHING POWDER,0.0,0.0,True
Customer,100702,AKBAR OIL MILLS,0.0,0.0,True
Customer,100705,RIAZ TRADERS  MANGORA,0.0,0.0,True
Customer,100708,HAJI MUHAMMAD AFZAL SB,0.0,0.0,True
Customer,100709,MEHRAN AGENCY (ZOOR MUHAMMD KHAN),0.0,0.0,True
Customer,100710,MEER SOAP LAHORE,0.0,0.0,True
Customer,100711,HAFIZ KHALID SHAH,0.0,0.0,True
Customer,100712,WAHID KARYANA STORE,0.0,0.0,True
Customer,100714,KASHIF FOOD PRODUCTS,0.0,0.0,True
Customer,100715,SHOUKAT SOAP FACTORY,0.0,0.0,True
Customer,100716,SHAHZAM TRADERS,0.0,0.0,True
Customer,100717,SHAZAM TRADER RAILWAY ROAD,0.0,0.0,True
Customer,100718,MULTI TRADERS (DARAZ.PK),0.0,0.0,True
Customer,100719,CH NASAR ULLAH FAZAL,0.0,0.0,True
Customer,100720,JAWAD BUTT,0.0,0.0,True
Customer,100722,ANEES CORRUGATION MACHINE,0.0,0.0,True
Customer,100723,MUHAMMAD RIZWAN FAISALABAD,0.0,0.0,True
Customer,100724,SHAUKAT SCRAP DEALERS,0.0,0.0,True
Customer,100725,UNIQUE CREAM (SKIN PRO COSMETIC),0.0,0.0,True
Customer,100727,KALEEM SB,0.0,0.0,True
Customer,100733,MUHAMMAD IMRAN SB,0.0,0.0,True
Customer,100734,ELIXIR INDUSTRIES,0.0,0.0,True
Customer,100736,SAIF SOAP,0.0,0.0,True
Customer,100737,FAUJI EMPTY DRUM DEALER,0.0,0.0,True
Customer,100738,NADEEM SB,0.0,0.0,True
Customer,100739,HASHIM CHEMICAL (BASE),0.0,0.0,True
Customer,100741,ALI TRADERS,0.0,0.0,True
Customer,100742,ABBAS HAIDER (SCRAP MATERIAL),0.0,0.0,True
Customer,100743,ABID RAZZAQ (FLOWERS),0.0,0.0,True
Customer,100744,JAWAD SB,0.0,0.0,True
Customer,100746,ASIF TRADERS,0.0,0.0,True
Customer,100747,RAHIM DAD PROPERY A/C,0.0,0.0,True
Customer,100748,RAFIULLAH SB PROPERTY A/C,0.0,0.0,True
Customer,100749,MOHID TRADING & COMMISSION AGENT (IMTIAZ AHMED),0.0,0.0,True
Customer,100754,SADIQ EXCHANGE COMPANY,0.0,0.0,True
Customer,100757,MAHFILI RICE,0.0,0.0,True
Customer,100760,SUPER FLUSHY (RANA SHAHZAD),0.0,0.0,True
Customer,100763,Z.Z  ENTERPRISES (HAFIZ EHSAN SB),0.0,0.0,True
Customer,100764,YAQUB SOAP FACTORY (PVT) LTD,0.0,0.0,True
Customer,100767,HAJI MUSHTAQ SB,0.0,0.0,True
Customer,100770,HRK TRADERS SADDA (PARACHINAR),0.0,0.0,True
Customer,100773,TOP LINE PACKAGES,0.0,0.0,True
Customer,100777,UMAR AFZAL KARYANA - KASUR,0.0,0.0,True
Customer,100779,ABDUL REHMAN TRADERS,0.0,0.0,True
Customer,100782,ASLAM KARYANA (MUDASSAR SALEEM) - FORT ABBAS,0.0,0.0,True
Customer,100783,NIZAM TRADERS - OKARA,0.0,0.0,True
Customer,100784,CH FAKHAR NADEEM - SAHIWAL,0.0,0.0,True
Customer,100787,DILNAWAZ SHAHBAZ TRADERS - MOAR KHUNDA,0.0,0.0,True
Customer,100788,SALEEM QADRI BHABRA,0.0,0.0,True
Customer,100794,AHSAN TRADERS,0.0,0.0,True
Customer,100795,RAJA ARSHAD TRADERS,0.0,0.0,True
Customer,100796,WAQAR TRADERS,0.0,0.0,True
Customer,100798,SHAHZAIN TRADERS,0.0,0.0,True
Customer,100801,HAROON UL RASHEED TRADERS,0.0,0.0,True
Customer,100804,SAAD TRADERS SAROKI,0.0,0.0,True
Customer,100806,HAMMAD NASIR SYED SB,0.0,0.0,True
Customer,100807,SHAREEM TRADERS OKARA,0.0,0.0,True
Customer,100808,MAQSOOD AHMED SB (SALE 4COLOR MACHINE),0.0,0.0,True
Customer,100809,HALIMYAN WASHING MATERIALS COMPANY (AFG),0.0,0.0,True
Customer,100810,M.SHAHBAZ SUPER FLEXY,0.0,0.0,True
Customer,100814,ABDUL SATTAR SB,0.0,0.0,True
Customer,100815,AFZAL DAIRY BUREWALA,0.0,0.0,True
Customer,100819,ZAIN BASHIR LTD. AFGHANISTAN,0.0,0.0,True
Customer,100821,DISCOUNT STORE,0.0,0.0,True
Customer,100823,HASSAN ALI CORPORATION,0.0,0.0,True
Customer,100825,ZOHAIB SB KOTLA,0.0,0.0,True
Customer,100832,ISRAR AHMED SB (SCRAP DEALER),0.0,0.0,True
Customer,100833,HAIDERI FOODS,0.0,0.0,True
Customer,100834,CHILLI FOOD,0.0,0.0,True
Customer,100838,KITE DETERGENT,0.0,0.0,True
Customer,100839,QAZI RAHIM ULLAH  SB,0.0,0.0,True
Customer,100840,USAMA CHEMICALS,0.0,0.0,True
Customer,100841,SHEIKH MUKHTAR TRADERS,0.0,0.0,True
Customer,100842,HAMI FOODS,0.0,0.0,True
Customer,100845,SMILE AID,0.0,0.0,True
Customer,100846,BILAL SB LIYAH,0.0,0.0,True
Customer,100847,REZIST,0.0,0.0,True
Customer,100848,ARSLAN ZAHID,0.0,0.0,True
Customer,100850,SARDAR TRADERS (ATTOCK),0.0,0.0,True
Customer,100852,YOUNAS ENTERPRISES (TOWER BAGS & CYLINDER),0.0,0.0,True
Customer,100855,GREEN SPARKLE (PVT) LTD,0.0,0.0,True
Customer,100856,SAJJAD SB (SHAFI SONS),0.0,0.0,True
Customer,100857,AKHROT DETEREGENT POWDER,0.0,0.0,True
Customer,100858,FAHAD TRADERS LAHORE,0.0,0.0,True
Customer,100860,SHAHI WASHING POWDER,0.0,0.0,True
Customer,100861,MOHSIN ENTERPRISES (PVT) LTD,0.0,0.0,True
Customer,100866,HAFIZ CHEMICALS DASKA,0.0,0.0,True
Customer,100867,SADAAT TRADERS DUDIYAL,0.0,0.0,True
Customer,100870,VIP WASH,0.0,0.0,True
Customer,100873,AMIR KHAN TRADERS,0.0,0.0,True
Customer,100875,RAHIL RAZZAQ SB,0.0,0.0,True
Customer,100878,KAMRAN TRADERS OKARA,0.0,0.0,True
Customer,100885,M.AQIB CHAUDHRY SB,0.0,0.0,True
Customer,100887,SADIQ MARKETING WEHRI,0.0,0.0,True
Customer,100888,SAAF DETERGENT,0.0,0.0,True
Customer,100889,BISMILLAH TRADERS,0.0,0.0,True
Customer,100890,RANA ARSHAD SB,0.0,0.0,True
Customer,100896,HUSNAIN TRADERS,0.0,0.0,True
Customer,100897,MUSHTAQ AHMAD SB (FBM PRODUCTS),0.0,0.0,True
Customer,100898,RAJA ISRAR SB,0.0,0.0,True
Customer,100899,DR. CHEMICALS SAHIWAL,0.0,0.0,True
Customer,100900,NAZIR SB (SCRAP DEALER),0.0,0.0,True
Customer,100901,ABDUL REHMAN TRADERS,0.0,0.0,True
Customer,100915,ATTA UR REHMAN TRADERS,0.0,0.0,True
Customer,100929,JAVEED IQBAL SB,0.0,0.0,True
Customer,UNKNOWN,UNKNOWN PARTY,0.0,0.0,True
Supplier,100322,KHALID,0.0,0.0,True
Supplier,200003,JUNAID PACKAGES,0.0,0.0,True
Supplier,200005,SAAD ENTERPRISES THREAD SUPPLIER,0.0,0.0,True
Supplier,200006,KHALID YAQOOB SB,0.0,0.0,True
Supplier,200011,FIRDOS SALT,0.0,0.0,True
Supplier,200012,AKBARI TRADERS,0.0,0.0,True
Supplier,200014,TAJ PIPE STORE,0.0,0.0,True
Supplier,200018,MOBEEN PAPERS MART,0.0,0.0,True
Supplier,200019,NAEEM PACKAGES,0.0,0.0,True
Supplier,200020,MANSOOR QUETTA,0.0,0.0,True
Supplier,200022,WAHAB PAPER MILLS,0.0,0.0,True
Supplier,200027,SHAHEEN PAPER MILLS GUJRANWALA,0.0,0.0,True
Supplier,200029,MUDASSAR SHAH BOILER,0.0,0.0,True
Supplier,200030,SHABBIR HUSSAIN INSULATION DECK,0.0,0.0,True
Supplier,200033,AL HADI CHEMICALS,0.0,0.0,True
Supplier,200035,ALPHA CHEMICALS,0.0,0.0,True
Supplier,200041,IMPORT OF TINOPAL,0.0,0.0,True
Supplier,200042,FAHAD UMAIR,0.0,0.0,True
Supplier,200043,SYNTRONICS LIMITED,0.0,0.0,True
Supplier,200044,NEELAM PAPER MILLS HATTAR,0.0,0.0,True
Supplier,200046,A.Z PACKAGES,0.0,0.0,True
Supplier,200047,HANFI TRADERS QUETTA,0.0,0.0,True
Supplier,200048,MOHAMMAD ISHTIAQ,0.0,0.0,True
Supplier,200051,HAJI LAL GUL,0.0,0.0,True
Supplier,200053,REHMAT CORPORATION,0.0,0.0,True
Supplier,200055,C/O ABDULLAH ZAKI SB,0.0,0.0,True
Supplier,200056,DYNAMIC CORP,0.0,0.0,True
Supplier,200057,IMRAN PACKAGES,0.0,0.0,True
Supplier,200059,FAZAL BARI,0.0,0.0,True
Supplier,200060,UNITED MARBLE INDUSTRY,0.0,0.0,True
Supplier,200062,AKBARI CHEMICAL INDUSTRIES (PVT) LTD,0.0,0.0,True
Supplier,200063,FAHEEM FAISALABAD LASHKARA BAG,0.0,0.0,True
Supplier,200064,MALIK BROTHERS LAHORE,0.0,0.0,True
Supplier,200066,BISMILLAH ENGINEERING LAHORE,0.0,0.0,True
Supplier,200067,AZIZ PACKAGES,0.0,0.0,True
Supplier,200069,AZAM SB,0.0,0.0,True
Supplier,200070,IMPORT OF MACHINERY (SOAP),0.0,0.0,True
Supplier,200071,IMPORT OF MACHINERY (FLEXO),0.0,0.0,True
Supplier,200072,TAJ ENGINEERING PESHAWAR,0.0,0.0,True
Supplier,200073,FINE ARTS,0.0,0.0,True
Supplier,200074,GUJRAT QAYYUM GOODS FORWARDING CO.,0.0,0.0,True
Supplier,200075,PRIME CONCRETE COMPANY GUJRAT,0.0,0.0,True
Supplier,200077,IBRAHIM PAPERS MILLS C/O ATTA ULLAH,0.0,0.0,True
Supplier,200078,PORSCHET PIERRES,0.0,0.0,True
Supplier,200079,YASIN CORPORATION MULTAN,0.0,0.0,True
Supplier,200080,ALTAF PRESS,0.0,0.0,True
Supplier,200083,AHMAD UMAIR SULPHONIC,0.0,0.0,True
Supplier,200085,AHSAN ELECTRIC STORE GUJRANWALA,0.0,0.0,True
Supplier,200086,FUZAIL SB KARACHI,0.0,0.0,True
Supplier,200087,BAO BASHIR PAPERS LAHORE,0.0,0.0,True
Supplier,200088,ABDULLAH CCTV,0.0,0.0,True
Supplier,200091,HERO DETERGENT MULTAN,0.0,0.0,True
Supplier,200092,PARACHA CHEMICALS FAISALABAD,0.0,0.0,True
Supplier,200093,DHL PAKISTAN,0.0,0.0,True
Supplier,200095,UMER ENTERPRISES,0.0,0.0,True
Supplier,200100,MODERN CHEMICALS,0.0,0.0,True
Supplier,200101,ZAM ZAM PLASTIC CONTAINER LAHORE,0.0,0.0,True
Supplier,200102,HAFIZ WAQAS WALL REPAIR,0.0,0.0,True
Supplier,200103,JAPAN POWER PLANT (LABSA PLANT TANK),0.0,0.0,True
Supplier,200104,USMAN LABSA PLANT,0.0,0.0,True
Supplier,200107,ADNAN KARACHI (PALM ACID),0.0,0.0,True
Supplier,200110,JABBAR HUSSAIN (PRINTING DYE MAKER),0.0,0.0,True
Supplier,200111,ARAB PACKAGES MULTAN,0.0,0.0,True
Supplier,200112,AHMAD FILM PLATE MAKER GUJRANWALA,0.0,0.0,True
Supplier,200113,IMPORT OF GRAVIURE MACHINE,0.0,0.0,True
Supplier,200114,SITARA CHEMICALS FAISALABAD,0.0,0.0,True
Supplier,200118,TRUCK IT IN,0.0,0.0,True
Supplier,200119,SCAN WORLD FAISALABAD,0.0,0.0,True
Supplier,200120,SHIEKH USMAN SHARAFAT & BROTHERS,0.0,0.0,True
Supplier,200121,REHAN SCRAB GUJRAT,0.0,0.0,True
Supplier,200122,MICRO GRINDING MILL(TALIB SB),0.0,0.0,True
Supplier,200124,SHAFI SONS LIFTER A/C,0.0,0.0,True
Supplier,200125,KAS CHEMICALS KARACHI,0.0,0.0,True
Supplier,200126,PERVAIZ TRADERS FLEXO SHAHDRA,0.0,0.0,True
Supplier,200128,ELITE CHEMICALS,0.0,0.0,True
Supplier,200130,FAZAL PAPER MILLS,0.0,0.0,True
Supplier,200131,INTERNATIONAL FRAGNANCE FACTORY,0.0,0.0,True
Supplier,200133,ADVANCE ELEVATORS SERVICE,0.0,0.0,True
Supplier,200134,MUHAMMAD SHAKEEL KHAN(LEATHER),0.0,0.0,True
Supplier,200137,MADINA GODOWNS,0.0,0.0,True
Supplier,200138,IMPORT OF TAED,0.0,0.0,True
Supplier,200139,AHMAD CHEMICALS CO,0.0,0.0,True
Supplier,200143,NAEEM SPECKLES KARACHI,0.0,0.0,True
Supplier,200144,BLEACHER FILTER MULTAN,0.0,0.0,True
Supplier,200145,SHAKIR WASTAGE MATERIAL,0.0,0.0,True
Supplier,200148,SABIR SOAP STONE,0.0,0.0,True
Supplier,200150,ZIA STONE GRINDING PVT LTD,0.0,0.0,True
Supplier,200151,PAK GRINDING MILLS,0.0,0.0,True
Supplier,200152,SHAHBAZ BHALWAL,0.0,0.0,True
Supplier,200153,ARSHAD DOCTOR BLADE,0.0,0.0,True
Supplier,200154,RIAZ GUJRANWALA(LAMINATION MACHINE),0.0,0.0,True
Supplier,200156,FZ ENTERPRISES,0.0,0.0,True
Supplier,200159,SILK CABLES GUJRANWALA,0.0,0.0,True
Supplier,200164,AL MADINA FINE QUALITY RABAR ENGINEERING(MALIK FAIZ),0.0,0.0,True
Supplier,200166,H.H PACKAGES,0.0,0.0,True
Supplier,200167,SHAMOON ZAKI KARACHI,0.0,0.0,True
Supplier,200168,AMANULLAH SB  (WOOD SUPPLIER),0.0,0.0,True
Supplier,200169,KHAILLI PACKAGES,0.0,0.0,True
Supplier,200170,LAL KHAN DEONA MANDI(FIRE WOOD),0.0,0.0,True
Supplier,200171,ABDUL SAMAD (LEATHER SCRAP),0.0,0.0,True
Supplier,200172,AHSAN CHEMICALS LAHORE,0.0,0.0,True
Supplier,200173,MEER JAN KHAN (WOOD SUPPLIER),0.0,0.0,True
Supplier,200174,BIN RASHEED COLORS & CHEMICALS COMPANY,0.0,0.0,True
Supplier,200177,REHAB INTERTRADE,0.0,0.0,True
Supplier,200178,LAHORE PLAS PACKAGING,0.0,0.0,True
Supplier,200179,AZHAR GRINDING MILLS,0.0,0.0,True
Supplier,200181,MAMMAL PAPER FACTORY,0.0,0.0,True
Supplier,200182,PARACHA SOAP & CHEMICALS INDUSTRIES,0.0,0.0,True
Supplier,200184,MAKKA DYE MAKER(M.ARIF),0.0,0.0,True
Supplier,200185,MUBASHIR SB (WOOD SUPPLIER),0.0,0.0,True
Supplier,200186,MAKKA HARDWARE (PAINT) GUJRAT,0.0,0.0,True
Supplier,200191,M&S PACKAGING PVT LTD,0.0,0.0,True
Supplier,200193,FAISAL DESIGNER,0.0,0.0,True
Supplier,200201,CHENAB SECURITY SYSTEM & SOLAR ENERGY,0.0,0.0,True
Supplier,200205,WARRICH ACID AGENCY GUJRAT,0.0,0.0,True
Supplier,200206,SHAHAN TRADER (CLEARING AGENT),0.0,0.0,True
Supplier,200208,MUHAMMAD AFZAAL(PALM ACID OIL),0.0,0.0,True
Supplier,200214,LIAQUAT RUBBER ROLLER,0.0,0.0,True
Supplier,200221,POWER LINKS ENGINEERING AND TRADER,0.0,0.0,True
Supplier,200223,SHABAB PINSAR STORE,0.0,0.0,True
Supplier,200224,MAQBOOL ENGINEERING,0.0,0.0,True
Supplier,200225,SHOAIB DYE MAKER,0.0,0.0,True
Supplier,200226,FIRE CARE (SHAHZAD),0.0,0.0,True
Supplier,200232,REHMAT KHAN,0.0,0.0,True
Supplier,200236,ABU BAKAR PRINTING PRESS,0.0,0.0,True
Supplier,200239,LAL SOAP FACTORY,0.0,0.0,True
Supplier,200240,TAHIR ASAD INDUSTRIES (PVT) LTD,0.0,0.0,True
Supplier,200243,HABIB ULLAH GODOWN,0.0,0.0,True
Supplier,200244,AL QAMAR IMPORTS,0.0,0.0,True
Supplier,200246,KABEER ALI BOTTLE CONTRACTOR,0.0,0.0,True
Supplier,200249,MIAN WALI (WOOD SUPPLIER),0.0,0.0,True
Supplier,200250,NOOR UL AMEEN LABSA,0.0,0.0,True
Supplier,200251,I PAK,0.0,0.0,True
Supplier,200255,MAJEED SONS,0.0,0.0,True
Supplier,200258,ZEESHAN ETHYL,0.0,0.0,True
Supplier,200259,MUHAMMAD UMAR NISAR GRAVEUR GAS CONVERSION,0.0,0.0,True
Supplier,200261,KALEEM ULLAH(FIREWOOD),0.0,0.0,True
Supplier,200267,GONDAL ROOF,0.0,0.0,True
Supplier,200268,SAFEENA FOODS INDUSTRY,0.0,0.0,True
Supplier,200269,HAROON GENERAL PIPE,0.0,0.0,True
Supplier,200271,ZAKI SB FRAGNANACE BALANCE,0.0,0.0,True
Supplier,200272,GOLDEN PACKAGES PVT LTD,0.0,0.0,True
Supplier,200275,SWIFT TECH,0.0,0.0,True
Supplier,200276,MILH SALT LAHORE,0.0,0.0,True
Supplier,200278,AR PLASTIC,0.0,0.0,True
Supplier,200279,KHAWAJA ADNAN OTHER,0.0,0.0,True
Supplier,200281,SRP SCIENTIFIC SUPPLIES,0.0,0.0,True
Supplier,200284,STEAM GENERATOR,0.0,0.0,True
Supplier,200286,MULTI NET (ABDUL SALAM),0.0,0.0,True
Supplier,200288,NISAR KHAN KEROSENE OIL,0.0,0.0,True
Supplier,200291,T.M CARGO,0.0,0.0,True
Supplier,200292,DAR COMMUNICATION,0.0,0.0,True
Supplier,200293,BAWALI ARCHITECT,0.0,0.0,True
Supplier,200299,KHADIM HUSSAIN(CEILING WORK),0.0,0.0,True
Supplier,200300,ORIENT TRADERS,0.0,0.0,True
Supplier,200304,NUSRAT ALI GONDAL(WATER PROOF),0.0,0.0,True
Supplier,200306,HM CHEMICALS (PVT) LTD,0.0,0.0,True
Supplier,200309,HALL CONSTRUCTION,0.0,0.0,True
Supplier,200313,PAKISTAN SYNTHETIC LTD (PSL),0.0,0.0,True
Supplier,200316,ABDULLAH TRADERS (YAQOOB SB LHR),0.0,0.0,True
Supplier,200320,NEWTEK TECHNOLOGY SOLUTIONS,0.0,0.0,True
Supplier,200321,SOLVE TECH INKS & CHEMICALS,0.0,0.0,True
Supplier,200322,ATS SYNTHETIC N (PVT)LTD,0.0,0.0,True
Supplier,200324,BISMILLAH CHEMICAL,0.0,0.0,True
Supplier,200329,HASSAN JAVED SIALKOT,0.0,0.0,True
Supplier,200335,WALEED ENTERPRISES,0.0,0.0,True
Supplier,200338,KHAWAJA MUHAMMAD TAYYAB SALT SUPPLIER,0.0,0.0,True
Supplier,200342,ZAMEER AHMAD MALIK (SALT DEALER),0.0,0.0,True
Supplier,200346,KHUSHAB SODA ASH,0.0,0.0,True
Supplier,200349,ASIM PREFORM,0.0,0.0,True
Supplier,200350,ZAHEER ABBAS (SALT DEALER),0.0,0.0,True
Supplier,200361,SOHAIL GRINDING MILL,0.0,0.0,True
Supplier,UNKNOWN,UNKNOWN PARTY,0.0,0.0,True
