type,group,code,name,opening,current,active,children
Asset,Assets,1000,Cash in Hand,0.0,-97220.0,True,0
Asset,Assets,100001,INVENTORY A/C,0.0,0.0,True,0
Asset,Assets,100016,SHAFI SONS SOAP FACTORY,0.0,0.0,False,0
Asset,Assets,100017,MUZAFER ABBAS TRADERS MUZAFERGHAR,0.0,0.0,False,0
Asset,Assets,100018,HAJI SARDAR BUTKHAILA KPK,0.0,0.0,False,0
Asset,Assets,100037,MEHAR NISAR TRADERS JALALPUR JATTAN,0.0,0.0,False,0
Asset,Assets,100038,AMJAD JAVED BUTT KARYANA STORE JALALPUR JATTAN,0.0,0.0,False,0
Asset,Assets,100039,TAJ KARYANA STORE JALALPUR JATTAN,0.0,0.0,False,0
Asset,Assets,100040,SARFARAZ TAJ TANDA CHOWK JPJ,0.0,0.0,False,0
Asset,Assets,100041,"HAROON SWEETS SABZI MANDI, JPJ",0.0,0.0,False,0
Asset,Assets,100042,AL-HAMAD KARYANA STORE SABZI MANDI JPJ,0.0,0.0,False,0
Asset,Assets,100043,U-A BROTHERS SABZI MANDI JPJ,0.0,0.0,False,0
Asset,Assets,100044,KHALID KARYNA STORE SABZI MANDI JPJ,0.0,0.0,False,0
Asset,Assets,100045,BISMILLAH SWEET SABZI MANDI JPJ,0.0,0.0,False,0
Asset,Assets,100046,SYED MOHSIN SHAH SABZI MANDI JPJ,0.0,0.0,False,0
Asset,Assets,100047,KASHIF TRADERS TANDA,0.0,0.0,False,0
Asset,Assets,100048,HAFIZ TRADERS TANDA,0.0,0.0,False,0
Asset,Assets,100049,AL GHANI TRADER SABZI MANDI JPJ,0.0,0.0,False,0
Asset,Assets,100050,BUTT TRADERS SABZI MANDI JPJ,0.0,0.0,False,0
Asset,Assets,100051,MAHMOOD KARYANA STORE DOMELA CHOWK JPJ,0.0,0.0,False,0
Asset,Assets,100052,WAQAS RAFIQ KARYANA JPJ,0.0,0.0,False,0
Asset,Assets,100053,AL MUSLIM GENERAL STORE JPJ,0.0,0.0,False,0
Asset,Assets,100054,HAJI ARSHAD KARYANWALA,0.0,0.0,False,0
Asset,Assets,100058,HAJI WALAYAT KARIYANWALA,0.0,0.0,False,0
Asset,Assets,100059,OMAR LOAN,0.0,0.0,False,0
Asset,Assets,100065,NASIR TRADERS KUNJAH,0.0,0.0,False,0
Asset,Assets,100070,ARIF TRADERS JALALPUR SOBATIAN,0.0,0.0,False,0
Asset,Assets,100071,ARIF DHUDRA,0.0,0.0,False,0
Asset,Assets,100072,BABA SARDAR COPRA,0.0,0.0,False,0
Asset,Assets,100076,SUNDRY CREDITORS,0.0,0.0,True,0
Asset,Assets,100077,HAJI GHULAM HUSSAN MUNGOWAL,0.0,0.0,False,0
Asset,Assets,100078,NEW QADRI KERYANA STORE MUNGOWAL,0.0,0.0,False,0
Asset,Assets,100082,BILAWAL FOODS YAZMAN MANDI,0.0,0.0,False,0
Asset,Assets,100083,ANEEQ TRADERS MIAN CHANNU,0.0,0.0,False,0
Asset,Assets,100084,GHAMKOL KARYANA STORE,0.0,0.0,False,0
Asset,Assets,100085,ABDULLAH SHAFIQ TRADERS,0.0,0.0,False,0
Asset,Assets,100086,HAQEEQAT KARYANA STORE,0.0,0.0,False,0
Asset,Assets,100087,KASHIF KARYANA STORE,0.0,0.0,False,0
Asset,Assets,100088,WAQAS HAMZA TRADER RAILWAY ROAD,0.0,0.0,False,0
Asset,Assets,100089,NAVEED TRADERS GULYANA,0.0,0.0,False,0
Asset,Assets,100090,ADIL KARYANA STORE GULYANA,0.0,0.0,False,0
Asset,Assets,100091,REHMAT KARYANA STORE LANGRIYAL,0.0,0.0,False,0
Asset,Assets,100092,MUNIR KARYANA STORE JALALPUR SOBTIYAN,0.0,0.0,False,0
Asset,Assets,100093,AL SHIEKH INDUSTRY SIALKOT,0.0,0.0,False,0
Asset,Assets,100096,MUHAMMADI ENTERPRISES CHOKI BHAGGAT,0.0,0.0,False,0
Asset,Assets,100101,ROYAL TRADERS GUJARKHAN,0.0,0.0,False,0
Asset,Assets,100102,NASEER OGHUKI,0.0,0.0,False,0
Asset,Assets,100103,OFFICE EQUIPMENTS,0.0,0.0,False,0
Asset,Assets,100105,SHOAIB KHAN AFG CYLINDERS,0.0,0.0,False,0
Asset,Assets,100106,SHOAIB KHAN AFG OTHERS,0.0,0.0,False,0
Asset,Assets,100112,MUGHAL KIRYANA STORE MUNGOWAL (HAJI SHOUKAT),0.0,0.0,False,0
Asset,Assets,100115,GHAREEB NAWAZ KARYANA STORE JALALPUR SOBTIYAN,0.0,0.0,False,0
Asset,Assets,100116,SAHIB GENERAL STORE JPJ,0.0,0.0,False,0
Asset,Assets,100117,ZAHOOR ELLAHI KARYANA (QAISAR),0.0,0.0,False,0
Asset,Assets,100120,CITY KARYANA STORE MAIN BAZAR JPJ,0.0,0.0,False,0
Asset,Assets,100121,BISMILLAH SWEETS BHARILA SHARIF,0.0,0.0,False,0
Asset,Assets,100124,USMAN DRUM GUJRANWALA,0.0,0.0,False,0
Asset,Assets,100125,ARIF& BROS SILANWALI,0.0,0.0,False,0
Asset,Assets,100128,CH IMRAN KHUI RATTA,0.0,0.0,False,0
Asset,Assets,100129,KASHIF TRADERS NAROWAL,0.0,0.0,False,0
Asset,Assets,100131,RAZA KERYANA STORE RAILWAY ROAD,0.0,0.0,False,0
Asset,Assets,100132,RAZA TRADERS WAZIRABAD,0.0,0.0,False,0
Asset,Assets,100133,M. ALI SALE IN CASH,0.0,0.0,False,0
Asset,Assets,100134,SARHAD IQBAL BAJOR,0.0,0.0,False,0
Asset,Assets,100135,HANIF TRADERS DOLAT NAGAR,0.0,0.0,False,0
Asset,Assets,100136,NOSHA KERYANA STORE,0.0,0.0,False,0
Asset,Assets,100137,SUQLAIN TRADERS PARIANWALI,0.0,0.0,False,0
Asset,Assets,100138,TARAR KERYANA STORE PARIANWALI,0.0,0.0,False,0
Asset,Assets,100139,ALI KERYANA STORE PARIANWALI,0.0,0.0,False,0
Asset,Assets,100141,ADEEL TRADERS SARGHODA,0.0,0.0,False,0
Asset,Assets,100144,KHAWAJA ADNAN SB,0.0,0.0,False,0
Asset,Assets,100145,SHAFIQ KERYANA STORE JPJ,0.0,0.0,False,0
Asset,Assets,100147,GIFT CERAMICS GUJRAT,0.0,0.0,False,0
Asset,Assets,100148,FAUJI TRADERS KAROR PAKKA,0.0,0.0,False,0
Asset,Assets,100149,NEW ALI TRADERS BAHAWAL NAGAR,0.0,0.0,False,0
Asset,Assets,100150,ZAMAN KERYANA STORE ADA MARLA,0.0,0.0,False,0
Asset,Assets,100151,AL MADINA SUPER STORE PARIANWALI,0.0,0.0,False,0
Asset,Assets,100152,DHUDRA KERYANA STORE MANGOWAL,0.0,0.0,False,0
Asset,Assets,100155,REHMAT TRADERS TANDA,0.0,0.0,False,0
Asset,Assets,100156,HAJI FARMAN TANDA,0.0,0.0,False,0
Asset,Assets,100157,MALIK TRADERS BAREELA SHARIF,0.0,0.0,False,0
Asset,Assets,100160,ZUBAIR TRADERS BHALWAL,0.0,0.0,False,0
Asset,Assets,100161,HAJI AMANAT KERYANA STORE KARIYANWALA,0.0,0.0,False,0
Asset,Assets,100162,SHEIKH SHAHID KERYANA STORE KARIYANWALA,0.0,0.0,False,0
Asset,Assets,100163,MUSLIM TRADERS KARIYANWALA,0.0,0.0,False,0
Asset,Assets,100164,HAJI BAGH ALI KERYANA STORE KARIYANWALA,0.0,0.0,False,0
Asset,Assets,100165,QADRI KERYANA STORE JPS,0.0,0.0,False,0
Asset,Assets,100167,NAZAR HUSSAIN FATEHPUR,0.0,0.0,False,0
Asset,Assets,100168,SHAFI SONS PACKAGES,0.0,0.0,False,0
Asset,Assets,100173,NAVEED AFZAL,0.0,0.0,False,0
Asset,Assets,100174,MIAN ABDUL LATIF,0.0,0.0,False,0
Asset,Assets,100175,J. MART MUNGOWAL,0.0,0.0,False,0
Asset,Assets,100176,CITY TRADERS CHOPALA ADA JPJ,0.0,0.0,False,0
Asset,Assets,100178,MEHAR AFZAL KERYANA STORE JPJ,0.0,0.0,False,0
Asset,Assets,100179,MAJID BUTT SAROKI,0.0,0.0,False,0
Asset,Assets,100183,SALES TAX 17% FROM CUSTOMERS,0.0,0.0,False,0
Asset,Assets,100185,SHANDAR CERAMICS,0.0,0.0,True,0
Asset,Assets,100186,SARFARAZ TRADERS RAILWAY ROAD,0.0,0.0,False,0
Asset,Assets,100187,ELIXIR CERAMICS,0.0,0.0,False,0
Asset,Assets,100189,SHEF SALT (SHEIKH SHAFQAT),0.0,0.0,False,0
Asset,Assets,100190,GHOUSIA FAN (DANIYAL BUTT),0.0,0.0,False,0
Asset,Assets,100191,PLASCO PIPE FACTORY,0.0,0.0,False,0
Asset,Assets,100192,RIAZ TAJ SABZI MANDI JPJ,0.0,0.0,False,0
Asset,Assets,100195,AWAIS TRADERS KARYANWALA,0.0,0.0,False,0
Asset,Assets,100196,KAMRAN KERYANA KARYANWALA,0.0,0.0,False,0
Asset,Assets,100197,BABA G KERYANA RAILWAY ROAD,0.0,0.0,False,0
Asset,Assets,100200,MUHAMMAD SHAFI QADRI MUNGOWAL,0.0,0.0,False,0
Asset,Assets,100201,MUHAMMAD RAFI MUNGOWAL,0.0,0.0,False,0
Asset,Assets,100202,RAMZAN SUPER STORE MUNGOWAL,0.0,0.0,False,0
Asset,Assets,100203,GHOUS TRADERS KARYANWALA,0.0,0.0,False,0
Asset,Assets,100204,MITTHO TRADERS KARYANWALA,0.0,0.0,False,0
Asset,Assets,100205,MEHAR IMRAN TRADERS JPJ,0.0,0.0,False,0
Asset,Assets,100206,TOUSEEF SARAN KARYANWALA,0.0,0.0,False,0
Asset,Assets,100207,ZULFIQAR KERYANA KARYANWALA,0.0,0.0,False,0
Asset,Assets,100208,SHAHZAD KARYANWALA,0.0,0.0,False,0
Asset,Assets,100209,SHEIKH AFZAL TRADERS KARYANWALA,0.0,0.0,False,0
Asset,Assets,100210,HAMAD OMAR TRADERS KARYANWALA,0.0,0.0,False,0
Asset,Assets,100212,REYAN TRADERS LODHRAN,0.0,0.0,False,0
Asset,Assets,100213,IQBAL TRADERS CHISHTIAN,0.0,0.0,False,0
Asset,Assets,100214,GHOUSIA SWEETS SABZI MANDI JPJ,0.0,0.0,False,0
Asset,Assets,100215,SHIBLY TRADERS LALAMUSA,0.0,0.0,False,0
Asset,Assets,100216,ZAIN SHAH MANDI BAHUDDIN,0.0,0.0,False,0
Asset,Assets,100217,NAJUM SHAHEEN SHEIKHUPURA,0.0,0.0,False,0
Asset,Assets,100218,ASHFAQ TRADERS SURKHPUR,0.0,0.0,False,0
Asset,Assets,100219,HAJI KHALID MEHMOOD KERYANA,0.0,0.0,False,0
Asset,Assets,100220,MOHAMMADIYA GHOUSIA TRADERS,0.0,0.0,False,0
Asset,Assets,100221,QAMAR SWEETS KERYANWALA,0.0,0.0,False,0
Asset,Assets,100222,ITTIFAQ KERYANA STORE PARIYANWALI,0.0,0.0,False,0
Asset,Assets,100224,SHAHID SALEEM TRADERS (ZAHIR PEER),0.0,0.0,False,0
Asset,Assets,100225,EHSAN KERYANA & GENERAL STORE JPJ,0.0,0.0,False,0
Asset,Assets,100226,HAJI TARIQ DOLTALA,0.0,0.0,False,0
Asset,Assets,100227,MEHAR ZEESHAN SABZI MANDI JPJ,0.0,0.0,False,0
Asset,Assets,100228,MEHAR QAISER MAIN BAZAR JPJ,0.0,0.0,False,0
Asset,Assets,100230,MALIK TRADERS PARIANWALI,0.0,0.0,False,0
Asset,Assets,100231,SHEIKH EHSAN RAILWAY ROAD,0.0,0.0,False,0
Asset,Assets,100232,MAKKAH TRADERS LALAMUSA,0.0,0.0,False,0
Asset,Assets,100233,SHAHID BROTHERS,0.0,0.0,False,0
Asset,Assets,100234,MOHAMMAD SIDDIQUE KABARIYA,0.0,0.0,False,0
Asset,Assets,100236,ZUBAIR (INSAAF FOODS),0.0,0.0,False,0
Asset,Assets,100237,LUCKY SIALKOT,0.0,0.0,False,0
Asset,Assets,100238,BR TRADERS PINDI BHATTIAN,0.0,0.0,False,0
Asset,Assets,100239,HANI ICE CREAM,0.0,0.0,False,0
Asset,Assets,100240,SAKHI KERYANA KOTLA ARAB,0.0,0.0,False,0
Asset,Assets,100241,HAJI YUSUF GUJRANWALA,0.0,0.0,False,0
Asset,Assets,100242,KHAN TRADERS PHALIA,0.0,0.0,False,0
Asset,Assets,100244,SILK BANK,0.0,0.0,False,0
Asset,Assets,100245,NAEEM KERYANA MUNGOWAL,0.0,0.0,False,0
Asset,Assets,100246,PAVWA SUPER STORE PARIYANWALI,0.0,0.0,False,0
Asset,Assets,100247,UNITED SUPER STORE PARIANWALI,0.0,0.0,False,0
Asset,Assets,100248,CH BROTHERS FAISLABAD,0.0,0.0,False,0
Asset,Assets,100249,A.R TRADERS FAISALABAD,0.0,0.0,False,0
Asset,Assets,100250,AHMED TRADERS PEER MEHAL,0.0,0.0,False,0
Asset,Assets,100252,RAFAQAT TRADERS AWAN SHARIF,0.0,0.0,False,0
Asset,Assets,100253,GHUMMAN TRADERS DHULLANALA,0.0,0.0,False,0
Asset,Assets,100254,MALIK TAYYAB RAILWAY ROAD,0.0,0.0,False,0
Asset,Assets,100255,WAHEED AZAM KERYANA STORE,0.0,0.0,False,0
Asset,Assets,100257,TAHIR & WAQAR KERYANA KARIYANWALA,0.0,0.0,False,0
Asset,Assets,100258,HAFIZ KERYANA KARIYANWALA,0.0,0.0,False,0
Asset,Assets,100259,AL MUSLIM TRADERS KARIYANWALA,0.0,0.0,False,0
Asset,Assets,100260,MOHAMMAD NAWAZ TRADERS KARIYANWALA,0.0,0.0,False,0
Asset,Assets,100261,TAWAKAL TRADERS KARIYANWALA,0.0,0.0,False,0
Asset,Assets,100262,ALI GENERAL STORE LALAMUSA,0.0,0.0,False,0
Asset,Assets,100263,FAISAL KIYANI (FACTORY OPERATOR),0.0,0.0,False,0
Asset,Assets,100265,KAMRAN KERYANA CHAK PINDI,0.0,0.0,False,0
Asset,Assets,100266,ARSLAN TRADERS DHULLANWALA,0.0,0.0,False,0
Asset,Assets,100267,GHOUSIA TRADERS DHULLANWALA,0.0,0.0,False,0
Asset,Assets,100268,GONDAL KERYANA DHULLANWALA,0.0,0.0,False,0
Asset,Assets,100269,SAWAN KERYANA DHULLANWALA,0.0,0.0,False,0
Asset,Assets,100271,SULIMAN TRADERS KERYANWALA,0.0,0.0,False,0
Asset,Assets,100272,HAFIZ SHAHZAD KERYANA KERYANWALA,0.0,0.0,False,0
Asset,Assets,100273,SHAHID ICHRIAN,0.0,0.0,False,0
Asset,Assets,100274,CHOUDHARY KERYANA CHAICHIYAN,0.0,0.0,False,0
Asset,Assets,100275,UZAIR GENERAL STORE CHAICHIYAN,0.0,0.0,False,0
Asset,Assets,100277,IKHLAQ SB,0.0,0.0,False,0
Asset,Assets,100278,MANZOOR TRADERS BAHAWALPUR,0.0,0.0,False,0
Asset,Assets,100279,IFTEKHAR KERYANA LODHRAN,0.0,0.0,False,0
Asset,Assets,100280,ALI ASHRAF,0.0,0.0,False,0
Asset,Assets,100282,LASANI TRADERS KUNJAH,0.0,0.0,False,0
Asset,Assets,100283,ZAFAR BROTHERS FATEHPUR,0.0,0.0,False,0
Asset,Assets,100284,ZAINAB GENERAL STORE,0.0,0.0,False,0
Asset,Assets,100285,ATIF BHAI,0.0,0.0,False,0
Asset,Assets,100286,MUDASSAR BUTT JPJ,0.0,0.0,False,0
Asset,Assets,100287,AL MADINA SUPER STORE CHAICHIYAN,0.0,0.0,False,0
Asset,Assets,100288,SHALIMAR KERYANA DINGA,0.0,0.0,False,0
Asset,Assets,100289,MOHAMMAD SHAFIQ KERYANA DHULANWALA,0.0,0.0,False,0
Asset,Assets,100290,JAMNA TRADERS GUJRAT,0.0,0.0,False,0
Asset,Assets,100291,RANA SWEET GUJRAT,0.0,0.0,False,0
Asset,Assets,100292,REHMANI KERYANA GUJRAT,0.0,0.0,False,0
Asset,Assets,100293,MALIK KERYANA BHAKRANWALI,0.0,0.0,False,0
Asset,Assets,100294,MASHALLAH KERYANA FATEHPUR,0.0,0.0,False,0
Asset,Assets,100295,KHALIL KHIZAR GENERAL STORE FATEHPUR,0.0,0.0,False,0
Asset,Assets,100296,HASHIM KERYANA FATEHPUR,0.0,0.0,False,0
Asset,Assets,100297,KHALID SUPER STORE FATEHPUR,0.0,0.0,False,0
Asset,Assets,100298,HAMMAD IRFAN MAISUM,0.0,0.0,False,0
Asset,Assets,100299,MADNI KERYANA BHAKRANWALI,0.0,0.0,False,0
Asset,Assets,100300,G. MART PARIYANWALI,0.0,0.0,False,0
Asset,Assets,100301,SHAFE GENERAL STORE,0.0,0.0,False,0
Asset,Assets,100302,LAL KHAN KERYANA,0.0,0.0,False,0
Asset,Assets,100303,KOHINOOR KERYANA STORE,0.0,0.0,False,0
Asset,Assets,100304,YOUNAS KERYANA STORE,0.0,0.0,False,0
Asset,Assets,100306,MEHALMI TRADERS SAMUNDRI,0.0,0.0,False,0
Asset,Assets,100307,ABU TALHA TRADERS TANDLA,0.0,0.0,False,0
Asset,Assets,100309,OSAMA TRADERS DINGA,0.0,0.0,False,0
Asset,Assets,100310,REHMAT KERYANA DINGA,0.0,0.0,False,0
Asset,Assets,100311,AMN MARKETING NETWORK,0.0,0.0,False,0
Asset,Assets,100313,NISAR AHMED,0.0,0.0,True,0
Asset,Assets,100315,OLYMPIA CHEMICALS,0.0,0.0,False,0
Asset,Assets,100316,RIZWAN SHEIKH,0.0,0.0,False,0
Asset,Assets,100318,WAQAR ALI,0.0,0.0,False,0
Asset,Assets,100319,AL-SAEED TRADERS,0.0,0.0,False,0
Asset,Assets,100320,DIDDIQUE,0.0,0.0,False,0
Asset,Assets,100321,AZHAR CORPORATION (PVT) LTD,0.0,0.0,False,0
Asset,Assets,100322,KHALID,0.0,0.0,False,0
Asset,Assets,100323,AFZAL KARYANA DINGA,0.0,0.0,False,0
Asset,Assets,100324,FAYYAZ TRADERS,0.0,0.0,False,0
Asset,Assets,100325,SHAHID MULTAN,0.0,0.0,False,0
Asset,Assets,100326,CHOUDHARY KARYANA STORE,0.0,0.0,False,0
Asset,Assets,100327,HAJI NAFEES KARYANA,0.0,0.0,False,0
Asset,Assets,100328,BETA GOL SOAP PACKAGES,0.0,0.0,False,0
Asset,Assets,100329,MALIK WAQAS,0.0,0.0,False,0
Asset,Assets,100330,TUQEER TRADERS,0.0,0.0,False,0
Asset,Assets,100331,SHAFIQUE SB,0.0,0.0,False,0
Asset,Assets,100332,SADAT KARYANA FATHEPUR ROAD,0.0,0.0,False,0
Asset,Assets,100333,ARIF TRADERS KOTLA,0.0,0.0,False,0
Asset,Assets,100334,AL-NADIR GENRAL STORE MASUM,0.0,0.0,False,0
Asset,Assets,100335,SHARJEEL TRADERS BHAKHRANWALI,0.0,0.0,False,0
Asset,Assets,100337,ILYAS & JAVEED KARYANA,0.0,0.0,False,0
Asset,Assets,100339,YOUNAS SWEET,0.0,0.0,False,0
Asset,Assets,100340,HUSSAIN KARYANA DHULLANWALI,0.0,0.0,False,0
Asset,Assets,100341,SHEIKH AFZAL DOLAT NAGGAR,0.0,0.0,False,0
Asset,Assets,100342,BILAL TRADERS,0.0,0.0,False,0
Asset,Assets,100343,ARSHAD BUTT,0.0,0.0,False,0
Asset,Assets,100344,MANUCHAR PAKISTAN,0.0,0.0,True,0
Asset,Assets,100345,AL MAKKAH TRADERS,0.0,0.0,False,0
Asset,Assets,100346,MALIK GULRIAZ,0.0,0.0,False,0
Asset,Assets,100347,G.M.TRADER,0.0,0.0,False,0
Asset,Assets,100348,HASSAN SUPER STORE,0.0,0.0,False,0
Asset,Assets,100349,AL-SAEED KARYANA,0.0,0.0,False,0
Asset,Assets,100350,AL MADINA G.S BHADDHAR,0.0,0.0,False,0
Asset,Assets,100351,AL NOOR KERYANA DOLATNAGAR,0.0,0.0,False,0
Asset,Assets,100352,MACHINERY & EQUIPMENT,0.0,0.0,False,0
Asset,Assets,100353,SHAFIULLAH DARGAI,0.0,0.0,False,0
Asset,Assets,100354,RAFI TRADERS KAMOKI,0.0,0.0,False,0
Asset,Assets,100355,SHEIKH NISAR FAISALABAD,0.0,0.0,False,0
Asset,Assets,100356,BASHIR TRADERS DHULLANWALA,0.0,0.0,False,0
Asset,Assets,100357,AL MADINA TRADERS FATEHPUR,0.0,0.0,False,0
Asset,Assets,100358,AL KARAM GENERAL STORE SABOR,0.0,0.0,False,0
Asset,Assets,100359,AL MADINA TRADERS DOLATNAGAR,0.0,0.0,False,0
Asset,Assets,100360,MALIK TRADERS MANUCHAK,0.0,0.0,False,0
Asset,Assets,100361,CH MUDASSAR WARRIACH JPJ,0.0,0.0,False,0
Asset,Assets,100362,MALIK TRADERS LALAMUSA,0.0,0.0,False,0
Asset,Assets,100363,REHMAT KERYANA MANUCHAK,0.0,0.0,False,0
Asset,Assets,100365,OUT OF CASH,0.0,0.0,False,0
Asset,Assets,100366,REHANIYA TRADERS TANDA,0.0,0.0,False,0
Asset,Assets,100368,AKHTAR JEHLUM,0.0,0.0,False,0
Asset,Assets,100369,AHMED TRADER BHIMBER ROAD,0.0,0.0,False,0
Asset,Assets,100370,CHOUDHARY KERYANA BHIMBER ROAD,0.0,0.0,False,0
Asset,Assets,100371,ADNAN TRADERS DOLAT NAGAR,0.0,0.0,False,0
Asset,Assets,100372,SIALKOTI TRADERS DOLAT NAGAR,0.0,0.0,False,0
Asset,Assets,100373,ALI SUPER STORE DOLAT NAGAR,0.0,0.0,False,0
Asset,Assets,100374,RAZZAQ TRADER BHADDAR,0.0,0.0,False,0
Asset,Assets,100375,BABA JEE KERYANA BHADDAR,0.0,0.0,False,0
Asset,Assets,100377,SALEEM TRADERS KOTLA,0.0,0.0,False,0
Asset,Assets,100378,SMART GENERAL STORE BAANIYAN,0.0,0.0,False,0
Asset,Assets,100379,MUDASSAR BUTT BAKHRANWALI,0.0,0.0,False,0
Asset,Assets,100381,MUHAMMAD SHAFIQUE,0.0,0.0,False,0
Asset,Assets,100383,NAEEM AZAM TIAL FIXER,0.0,0.0,False,0
Asset,Assets,100384,NAEEM TRADERS KOTLA,0.0,0.0,False,0
Asset,Assets,100386,FARMS RECEIVABLES A/C,0.0,0.0,False,0
Asset,Assets,100387,HAJI BASHIR SB (LANDI KOTAL),0.0,0.0,False,0
Asset,Assets,100388,MOHSIN LALAMUSA (PAINT WORK),0.0,0.0,False,0
Asset,Assets,100389,M. TARIQ DULTALA,0.0,0.0,False,0
Asset,Assets,100390,AL HAIDER TRADERS JPJ,0.0,0.0,False,0
Asset,Assets,100391,NADEEM KARYANA,0.0,0.0,False,0
Asset,Assets,100392,ABDULLAH GENERAL STORE,0.0,0.0,False,0
Asset,Assets,100393,DUBAI ISLAMIC BANK,0.0,0.0,False,0
Asset,Assets,100394,GULSHAN SOAP KALASHAHKAKO,0.0,0.0,False,0
Asset,Assets,100395,HAJI AFZAL TRADERS POOCH,0.0,0.0,False,0
Asset,Assets,100396,KHAN TRADERS QUAIDABAD,0.0,0.0,False,0
Asset,Assets,100397,ZUBAIR TRADERS DOTALA,0.0,0.0,False,0
Asset,Assets,100398,SEITH RIZWAN BHERA,0.0,0.0,False,0
Asset,Assets,100399,FATIMA GENERAL STORE,0.0,0.0,False,0
Asset,Assets,100400,BABA GENERAL STORE,0.0,0.0,False,0
Asset,Assets,100401,YOUNAS RADDI PACKAGES,0.0,0.0,False,0
Asset,Assets,100402,AL MADINA KARYANA JPS,0.0,0.0,False,0
Asset,Assets,100404,POPULAR KARYNA DINGA,0.0,0.0,False,0
Asset,Assets,100405,JAAN MUHAMMAD LIYYAH,0.0,0.0,False,0
Asset,Assets,100406,HAJI GHULLAM QADIR LALAMUSA,0.0,0.0,False,0
Asset,Assets,100408,HAMZA TRADERS RAILWAY ROAD GUJRAT,0.0,0.0,False,0
Asset,Assets,100409,QAMAR TRADERS RAILWAY ROAD GUJRAT,0.0,0.0,False,0
Asset,Assets,100410,WALEED TRADERS SHAH JAHANGIR ROAD GUJRAT,0.0,0.0,False,0
Asset,Assets,100411,NADEEM AKHTER LAHORE,0.0,0.0,False,0
Asset,Assets,100413,ABBAS SOAP FACTORY,0.0,0.0,False,0
Asset,Assets,100414,FAYYAZ SB MISC A/C,0.0,0.0,False,0
Asset,Assets,100417,ASHFAQ TRADERS RAWALPINDI,0.0,0.0,True,0
Asset,Assets,100418,SAID RASOOL DANDI DARA,0.0,0.0,False,0
Asset,Assets,100419,CH ASIF KERYANA DANDI DARA,0.0,0.0,False,0
Asset,Assets,100420,ASIF TRADERS SANGREELA,0.0,0.0,False,0
Asset,Assets,100422,ANSAR KERYANA STORE BURNALA,0.0,0.0,False,0
Asset,Assets,100423,ATTAR SUPER STORE MANUCHAK,0.0,0.0,False,0
Asset,Assets,100424,EHTISHAM TRADERS KUNJAH,0.0,0.0,False,0
Asset,Assets,100426,SUZUKI MEHRAN CAR LEH-3957,0.0,0.0,False,0
Asset,Assets,100427,DOCTOR KARYANA BAHIRILLA SHARIF,0.0,0.0,False,0
Asset,Assets,100428,CAR BOOKED TOYOTA TUSCON,0.0,0.0,False,0
Asset,Assets,100430,ARIF TRADERS KARIYANWALA,0.0,0.0,False,0
Asset,Assets,100431,GHULAM NABI KERYANA KARIYWALA,0.0,0.0,False,0
Asset,Assets,100433,SAHE TRADERS MANGOWAL,0.0,0.0,False,0
Asset,Assets,100434,LABAIK KARWANA STORE KARIYWALA,0.0,0.0,False,0
Asset,Assets,100436,ASHFAQ BUTT BAKHRIYANWALI,0.0,0.0,False,0
Asset,Assets,100439,FURNITURE & FIXTURE,0.0,0.0,False,0
Asset,Assets,100440,NADEEM MALIK LALAMUSA,0.0,0.0,False,0
Asset,Assets,100441,IMRAN SAMRAN FATEHPUR,0.0,0.0,False,0
Asset,Assets,100442,AL HAMMAD TRADERS BAGOWAL,0.0,0.0,False,0
Asset,Assets,100443,ZAKARIYA TRADERS KARIYANWALA,0.0,0.0,False,0
Asset,Assets,100444,KHAN TRADERS KARIYANWALA,0.0,0.0,False,0
Asset,Assets,100445,WARIACH TRADERS DULLANWALA,0.0,0.0,False,0
Asset,Assets,100446,DAWOOD TRADERS DINGA,0.0,0.0,False,0
Asset,Assets,100448,HAQ TRADERS CHAKWAL,0.0,0.0,False,0
Asset,Assets,100449,TAHIR GABBA FAISALABAD,0.0,0.0,False,0
Asset,Assets,100450,OLYMPIA PACKAGES,0.0,0.0,False,0
Asset,Assets,100451,HAFIZ KARYANA AIRPORT ROAD,0.0,0.0,False,0
Asset,Assets,100453,AL MADINA G.STORE DULLANWALA,0.0,0.0,False,0
Asset,Assets,100454,HUSSAN K.S SAROKI BRIDGE,0.0,0.0,False,0
Asset,Assets,100457,MALIK TUFAIL BHAREELA SHAREF,0.0,0.0,False,0
Asset,Assets,100459,MAA SHAA ALLAH TRADERS DEWONA MANDI,0.0,0.0,False,0
Asset,Assets,100460,BUTT TRADERS DEWONA MANDI,0.0,0.0,False,0
Asset,Assets,100461,HAIDERIA SHOP DEWONA MANDI,0.0,0.0,False,0
Asset,Assets,100462,BUTT SUPER STORE DEWONA MANDI,0.0,0.0,False,0
Asset,Assets,100463,NADEEM DASKA,0.0,0.0,False,0
Asset,Assets,100464,MAQBOOL KHAN,0.0,0.0,False,0
Asset,Assets,100465,S.B TRADERS,0.0,0.0,False,0
Asset,Assets,100466,ABDULLAH GENERAL STORE KARIYAWALA,0.0,0.0,False,0
Asset,Assets,100468,SHIMLA FOODS GUJRAT,0.0,0.0,False,0
Asset,Assets,100471,MALIK ARSHAD,0.0,0.0,False,0
Asset,Assets,100472,MISC EXPENSE DETERGENT,0.0,0.0,False,0
Asset,Assets,100473,WARRAICH TRADERS MANGOWAL,0.0,0.0,False,0
Asset,Assets,100474,MOHSIN KARYANA TANDA,0.0,0.0,False,0
Asset,Assets,100476,HANIF KARYANA DEONA MANDI,0.0,0.0,False,0
Asset,Assets,100477,FARYAD KARYANA BHARILLA SHARIF,0.0,0.0,False,0
Asset,Assets,100480,FINE BLADE LAHORE,0.0,0.0,False,0
Asset,Assets,100481,SHEIKH TARIQ,0.0,0.0,False,0
Asset,Assets,100484,ISMAIL TRADERS,0.0,0.0,False,0
Asset,Assets,100485,BEAUTY SOAP PRODUCTION PLANT,0.0,0.0,False,0
Asset,Assets,100488,ISHAQ TRADERS GUJRAT MANDI,0.0,0.0,False,0
Asset,Assets,100491,H.A.M TRADERS LAHORE,0.0,0.0,False,0
Asset,Assets,100492,ALI KARYANA STORE JPJ,0.0,0.0,False,0
Asset,Assets,100493,ALI TRADERS DOLATNAGAR,0.0,0.0,False,0
Asset,Assets,100494,BUTT TRADERS PARIANWALI,0.0,0.0,False,0
Asset,Assets,100496,MEHAR FAYYAZ TRADERS SURHPUR,0.0,0.0,False,0
Asset,Assets,100497,ITEFAQ CERAMICS GUJRAT,0.0,0.0,False,0
Asset,Assets,100498,MAA SHAA ALLAH TRADERS HAJI YASIR JPJ,0.0,0.0,False,0
Asset,Assets,100501,S MART GUJRAT,0.0,0.0,False,0
Asset,Assets,100502,CBS MART GUJRAT,0.0,0.0,False,0
Asset,Assets,100504,MIAN SUFHAN MANGOWAL,0.0,0.0,False,0
Asset,Assets,100505,MALIK YOUNAS KARYANA JPJ,0.0,0.0,False,0
Asset,Assets,100506,IRFAN KARYANA JPJ,0.0,0.0,False,0
Asset,Assets,100507,S.F KARYANA JPJ,0.0,0.0,False,0
Asset,Assets,100508,PAINT WORK NEW CONSTRUCTION,0.0,0.0,False,0
Asset,Assets,100509,R.G MART,0.0,0.0,False,0
Asset,Assets,100510,MR. MART,0.0,0.0,False,0
Asset,Assets,100511,FRESH VALLEY,0.0,0.0,False,0
Asset,Assets,100512,PACER MART,0.0,0.0,False,0
Asset,Assets,100513,RANJHA TRADERS RAMKEY BAILPUR,0.0,0.0,False,0
Asset,Assets,100514,AZHAR SARGODHA,0.0,0.0,False,0
Asset,Assets,100515,UNITED DETERGENT SHEIKHUPURA,0.0,0.0,False,0
Asset,Assets,100516,SOHAIL ASGHAR AGENCIES (RAHIMYARKHAN),0.0,0.0,False,0
Asset,Assets,100517,AL SAEED TRADERS GUJRAT MANDI,0.0,0.0,False,0
Asset,Assets,100518,NEW R.C.I ENTERPRISES GUJRAT,0.0,0.0,False,0
Asset,Assets,100519,AMIR SB LAHORE,0.0,0.0,True,0
Asset,Assets,100520,AHMED ALI SHAHDRA LAHORE,0.0,0.0,False,0
Asset,Assets,100521,ZAKAT,0.0,0.0,False,0
Asset,Assets,100523,WASEEM IQBAL HEADKHAN,0.0,0.0,False,0
Asset,Assets,100526,JAVED SB KHARAIN,0.0,0.0,False,0
Asset,Assets,100527,SARMAD SB MANGOWAL,0.0,0.0,False,0
Asset,Assets,100530,AL-QASIM TRADERS JPS,0.0,0.0,False,0
Asset,Assets,100532,ASIM TRADER FAISALABAD,0.0,0.0,False,0
Asset,Assets,100533,MALIK SHANI NAJAAN,0.0,0.0,False,0
Asset,Assets,100534,DAUD TRADERS SARGODHA,0.0,0.0,False,0
Asset,Assets,100535,SHAH SALMAN (PARLEY),0.0,0.0,False,0
Asset,Assets,100537,MA SHAH ALLAH KARYANA STORE DONGA BONGA,0.0,0.0,False,0
Asset,Assets,100539,HONDA CIVIC FAYYAZ SB,0.0,0.0,False,0
Asset,Assets,100541,B & B PLASTIC SHEIKHUPURA,0.0,0.0,False,0
Asset,Assets,100544,NAWAZ TRADERS MANGOWAL,0.0,0.0,False,0
Asset,Assets,100547,PRINCE K07 VEHICLE,0.0,0.0,False,0
Asset,Assets,100548,GULISTAN KHAN NOODLES,0.0,0.0,False,0
Asset,Assets,100550,SACHAL MART,0.0,0.0,False,0
Asset,Assets,100551,ZEESHAN TRADERS BORAYWALA,0.0,0.0,False,0
Asset,Assets,100553,TALIB HUSSAIN MANGOWAL,0.0,0.0,False,0
Asset,Assets,100554,QARI BAKHTIYAR SB AFGANISTAN,0.0,0.0,False,0
Asset,Assets,100555,SHAHDOLHA PRESS,0.0,0.0,False,0
Asset,Assets,100556,99 ELECTRIC STORE FAISLABAD,0.0,0.0,False,0
Asset,Assets,100558,IMRAN DANISH FAISALABAD,0.0,0.0,False,0
Asset,Assets,100559,MUJAHID TRADERS MANGOWAL,0.0,0.0,False,0
Asset,Assets,100561,MEHAR KARYANA SABZI MANDI JPJ,0.0,0.0,False,0
Asset,Assets,100562,NERMA SOAP SIALKOT,0.0,0.0,False,0
Asset,Assets,100563,HAJI NAZIR AKHTAR - PERSONAL A/C,0.0,0.0,False,0
Asset,Assets,100564,FAHAD TRADER NODDLE LAHORE,0.0,0.0,False,0
Asset,Assets,100565,RAJA TRADERS SHAKEEL AHMED,0.0,0.0,False,0
Asset,Assets,100566,HAJI BASHIR TRADER KOTLA,0.0,0.0,False,0
Asset,Assets,100567,QARI ABDUL KHALIQ TANDA,0.0,0.0,False,0
Asset,Assets,100568,KAMRAN TRADER SHADIWAL ROAD,0.0,0.0,False,0
Asset,Assets,100570,HABIB KARYANA STORE KARIANWALA,0.0,0.0,False,0
Asset,Assets,100571,SHAKEEL GENERAL KHI,0.0,0.0,False,0
Asset,Assets,100572,SAIF ULLAH KARYANA JALALPUR,0.0,0.0,False,0
Asset,Assets,100574,A-ONE TRADERS HAJI KHIZAR HAYAT,0.0,0.0,False,0
Asset,Assets,100578,KASHIF NIMKO,0.0,0.0,False,0
Asset,Assets,100579,F.A TRADERS TANDA,0.0,0.0,False,0
Asset,Assets,100582,JUTT TRADERS JPJ,0.0,0.0,False,0
Asset,Assets,100584,MIRZA USMAN BAIG,0.0,0.0,False,0
Asset,Assets,100585,MASTER TRADER PHALIA,0.0,0.0,False,0
Asset,Assets,100588,ZIA TRADERS GUJRAT,0.0,0.0,False,0
Asset,Assets,100590,AMIN SONS RAILWAY ROAD,0.0,0.0,False,0
Asset,Assets,100591,MAA SHAA ALLAH TRADERS KAMALAY CHAK,0.0,0.0,False,0
Asset,Assets,100592,TALHA FOODS DINGA,0.0,0.0,True,0
Asset,Assets,100593,MEHAR AFSHAR KARYANA KARIANWALA,0.0,0.0,False,0
Asset,Assets,100594,SABIR BUTT HAFIZABAD,0.0,0.0,False,0
Asset,Assets,100595,MOEEZ TRADERS,0.0,0.0,False,0
Asset,Assets,100598,BABA G TRADERS GUJRAT MANDI,0.0,0.0,False,0
Asset,Assets,100599,SHAHID BUTT,0.0,0.0,False,0
Asset,Assets,100600,AZAAN TRADERS KARIANWALA,0.0,0.0,False,0
Asset,Assets,100601,LABOUR QOUTA,0.0,0.0,False,0
Asset,Assets,100602,NAZIR SWEETS & TRADERS,0.0,0.0,False,0
Asset,Assets,100605,TUFAIL TRADERS ALI PUR CHATTA,0.0,0.0,True,0
Asset,Assets,100606,RAJPUT TRADERS,0.0,0.0,True,0
Asset,Assets,100608,BILAL TRADERS,0.0,0.0,False,0
Asset,Assets,100610,HAIDER SB LAHORE,0.0,0.0,False,0
Asset,Assets,100611,MUNIR TRADERS JALALPUR SOBTIAN,0.0,0.0,False,0
Asset,Assets,100612,NADEEM KERYANA,0.0,0.0,False,0
Asset,Assets,100614,ZAKARIYA TRADERS SHAHDIWAL,0.0,0.0,False,0
Asset,Assets,100619,PERVAIZ TRADER BAIL PUR,0.0,0.0,False,0
Asset,Assets,100620,AMANULLAH,0.0,0.0,False,0
Asset,Assets,100622,MUHAMMAD BILAWAL MANGOWAL,0.0,0.0,False,0
Asset,Assets,100623,ALI MUHAMMAD KHAN,0.0,0.0,False,0
Asset,Assets,100624,LASANI TRADERS GUJRAT,0.0,0.0,False,0
Asset,Assets,100625,ZIA TRADERS GULYANA,0.0,0.0,False,0
Asset,Assets,100626,TALHA KIRYANA MUNGOWAL,0.0,0.0,False,0
Asset,Assets,100628,SAJAD TRADER PARIANWALI,0.0,0.0,False,0
Asset,Assets,100629,BUTT TRADER DEOWNA MANDI,0.0,0.0,False,0
Asset,Assets,100630,BILAL TRADERS (AIRPORT ROAD ),0.0,0.0,False,0
Asset,Assets,100632,SALMAN & CO,0.0,0.0,False,0
Asset,Assets,100633,LOWA INTERNATIONAL DASKA,0.0,0.0,False,0
Asset,Assets,100634,CHISHTI  TRADERS MANGOWAL,0.0,0.0,False,0
Asset,Assets,100635,HUKUM KHAN,0.0,0.0,True,0
Asset,Assets,100636,REHAB INTERTRADE,0.0,0.0,False,0
Asset,Assets,100637,FAROOQ TRADERS,0.0,0.0,False,0
Asset,Assets,100638,CAR SONATA,0.0,0.0,True,0
Asset,Assets,100639,FAROOQ TRADERS QADIRABAD,0.0,0.0,False,0
Asset,Assets,100640,RIAZ GENERAL STORE,0.0,0.0,False,0
Asset,Assets,100642,CHAWA RESTAURANT,0.0,0.0,False,0
Asset,Assets,100643,KASHMIR TRADERS,0.0,0.0,True,0
Asset,Assets,100644,SHANGHAI CHEMICAL,0.0,0.0,False,0
Asset,Assets,100645,AFZAL SOAP FACTORY,0.0,0.0,True,0
Asset,Assets,100646,ANMOL SOAP FACTORY (IMRAN SAB),0.0,0.0,False,0
Asset,Assets,100647,NOBIL POULRY SERVICE KUNJAH,0.0,0.0,False,0
Asset,Assets,100650,ATIF KARYANA STORE MANO CHAK ALI PUR ROAD,0.0,0.0,False,0
Asset,Assets,100652,HAJI ABBAS SAB QASOOR,0.0,0.0,False,0
Asset,Assets,100660,S.A TRADERS (RAFIULLAH KHAN),0.0,0.0,True,0
Asset,Assets,100661,RIZWAN ULLAH RAWALPINDI,0.0,0.0,False,0
Asset,Assets,100662,HUSNAIN TRADERS GULYANA,0.0,0.0,False,0
Asset,Assets,100663,ARIF SHUNWARI DINGA,0.0,0.0,False,0
Asset,Assets,100664,BRAND SMITH (RAPER ACCOUNT),0.0,0.0,False,0
Asset,Assets,100666,SHAREEN TRADERS MUNDA,0.0,0.0,False,0
Asset,Assets,100668,U.S FOOD MAKERS,0.0,0.0,False,0
Asset,Assets,100669,MARIYUM  FOODS,0.0,0.0,False,0
Asset,Assets,100671,ADNAN MEER (ALUMINIUM PLATE),0.0,0.0,True,0
Asset,Assets,100672,CHEETA DETERGENT,0.0,0.0,False,0
Asset,Assets,100676,AWAIS TRADERS LALAMUSA,0.0,0.0,False,0
Asset,Assets,100679,JAFAR HUSSAIN SHAH LALAMUSA,0.0,0.0,False,0
Asset,Assets,100680,PERVAIZ SB TEHSIL SHEIKHUPURA,0.0,0.0,False,0
Asset,Assets,100683,NASEEM ULLAH SCRAP DEALER (IRON EMPTY DRUM),0.0,0.0,False,0
Asset,Assets,100684,UNIQUE GHEE AND ALLIED INDUSTRY PVT LTD,0.0,0.0,False,0
Asset,Assets,100685,MUNAWAR HUSSAIN,0.0,0.0,False,0
Asset,Assets,100686,OLPERS,0.0,0.0,False,0
Asset,Assets,100690,LAURIC ACID,0.0,0.0,True,0
Asset,Assets,100691,SR 5 ENGINE OIL (SHAHZAIB),0.0,0.0,False,0
Asset,Assets,100692,MK PLASTIC,0.0,0.0,False,0
Asset,Assets,100694,RAFIULLAH T.T,0.0,0.0,False,0
Asset,Assets,100695,FATEH SONS GOODS,0.0,0.0,False,0
Asset,Assets,100696,MADINA TRADERS NEW SABZI MANDI,0.0,0.0,False,0
Asset,Assets,100699,REHMAT KHAN SB  (SCRAP),0.0,0.0,False,0
Asset,Assets,100700,ALEEM OIL MILLS,0.0,0.0,False,0
Asset,Assets,100701,SUPERMAN WASHING POWDER,0.0,0.0,False,0
Asset,Assets,100702,AKBAR OIL MILLS,0.0,0.0,False,0
Asset,Assets,100705,RIAZ TRADERS  MANGORA,0.0,0.0,False,0
Asset,Assets,100707,AHMED ZAIDI SB,0.0,0.0,True,0
Asset,Assets,100708,HAJI MUHAMMAD AFZAL SB,0.0,0.0,True,0
Asset,Assets,100709,MEHRAN AGENCY (ZOOR MUHAMMD KHAN),0.0,0.0,False,0
Asset,Assets,100710,MEER SOAP LAHORE,0.0,0.0,True,0
Asset,Assets,100711,HAFIZ KHALID SHAH,0.0,0.0,False,0
Asset,Assets,100712,WAHID KARYANA STORE,0.0,0.0,False,0
Asset,Assets,100714,KASHIF FOOD PRODUCTS,0.0,0.0,True,0
Asset,Assets,100715,SHOUKAT SOAP FACTORY,0.0,0.0,True,0
Asset,Assets,100716,SHAHZAM TRADERS,0.0,0.0,False,0
Asset,Assets,100717,SHAZAM TRADER RAILWAY ROAD,0.0,0.0,False,0
Asset,Assets,100718,MULTI TRADERS (DARAZ.PK),0.0,0.0,True,0
Asset,Assets,100719,CH NASAR ULLAH FAZAL,0.0,0.0,False,0
Asset,Assets,100720,JAWAD BUTT,0.0,0.0,False,0
Asset,Assets,100722,ANEES CORRUGATION MACHINE,0.0,0.0,False,0
Asset,Assets,100723,MUHAMMAD RIZWAN FAISALABAD,0.0,0.0,False,0
Asset,Assets,100724,SHAUKAT SCRAP DEALERS,0.0,0.0,True,0
Asset,Assets,100725,UNIQUE CREAM (SKIN PRO COSMETIC),0.0,0.0,True,0
Asset,Assets,100727,KALEEM SB,0.0,0.0,False,0
Asset,Assets,100733,MUHAMMAD IMRAN SB,0.0,0.0,False,0
Asset,Assets,100734,ELIXIR INDUSTRIES,0.0,0.0,True,0
Asset,Assets,100736,SAIF SOAP,0.0,0.0,True,0
Asset,Assets,100737,FAUJI EMPTY DRUM DEALER,0.0,0.0,False,0
Asset,Assets,100738,NADEEM SB,0.0,0.0,False,0
Asset,Assets,100739,HASHIM CHEMICAL (BASE),0.0,0.0,False,0
Asset,Assets,100741,ALI TRADERS,0.0,0.0,True,0
Asset,Assets,100742,ABBAS HAIDER (SCRAP MATERIAL),0.0,0.0,False,0
Asset,Assets,100743,ABID RAZZAQ (FLOWERS),0.0,0.0,True,0
Asset,Assets,100744,JAWAD SB,0.0,0.0,False,0
Asset,Assets,100746,ASIF TRADERS,0.0,0.0,True,0
Asset,Assets,100747,RAHIM DAD PROPERY A/C,0.0,0.0,True,0
Asset,Assets,100748,RAFIULLAH SB PROPERTY A/C,0.0,0.0,True,0
Asset,Assets,100749,MOHID TRADING & COMMISSION AGENT (IMTIAZ AHMED),0.0,0.0,False,0
Asset,Assets,100754,SADIQ EXCHANGE COMPANY,0.0,0.0,False,0
Asset,Assets,100757,MAHFILI RICE,0.0,0.0,False,0
Asset,Assets,100760,SUPER FLUSHY (RANA SHAHZAD),0.0,0.0,True,0
Asset,Assets,100763,Z.Z  ENTERPRISES (HAFIZ EHSAN SB),0.0,0.0,True,0
Asset,Assets,100764,YAQUB SOAP FACTORY (PVT) LTD,0.0,0.0,True,0
Asset,Assets,100767,HAJI MUSHTAQ SB,0.0,0.0,False,0
Asset,Assets,100770,HRK TRADERS SADDA (PARACHINAR),0.0,0.0,False,0
Asset,Assets,100777,UMAR AFZAL KARYANA - KASUR,0.0,0.0,True,0
Asset,Assets,100779,ABDUL REHMAN TRADERS,0.0,0.0,True,0
Asset,Assets,100782,ASLAM KARYANA (MUDASSAR SALEEM) - FORT ABBAS,0.0,0.0,False,0
Asset,Assets,100783,NIZAM TRADERS - OKARA,0.0,0.0,False,0
Asset,Assets,100784,CH FAKHAR NADEEM - SAHIWAL,0.0,0.0,False,0
Asset,Assets,100787,DILNAWAZ SHAHBAZ TRADERS - MOAR KHUNDA,0.0,0.0,False,0
Asset,Assets,100788,SALEEM QADRI BHABRA,0.0,0.0,False,0
Asset,Assets,100790,N WAGON CAR SOLD,0.0,0.0,False,0
Asset,Assets,100794,AHSAN TRADERS,0.0,0.0,False,0
Asset,Assets,100795,RAJA ARSHAD TRADERS,0.0,0.0,True,0
Asset,Assets,100796,WAQAR TRADERS,0.0,0.0,False,0
Asset,Assets,100798,SHAHZAIN TRADERS,0.0,0.0,False,0
Asset,Assets,100800,YOUNAS MIXER MAKER,0.0,0.0,True,0
Asset,Assets,100801,HAROON UL RASHEED TRADERS,0.0,0.0,False,0
Asset,Assets,100804,SAAD TRADERS SAROKI,0.0,0.0,False,0
Asset,Assets,100806,HAMMAD NASIR SYED SB,0.0,0.0,False,0
Asset,Assets,100807,SHAREEM TRADERS OKARA,0.0,0.0,False,0
Asset,Assets,100808,MAQSOOD AHMED SB (SALE 4COLOR MACHINE),0.0,0.0,False,0
Asset,Assets,100809,HALIMYAN WASHING MATERIALS COMPANY (AFG),0.0,0.0,True,0
Asset,Assets,100810,M.SHAHBAZ SUPER FLEXY,0.0,0.0,False,0
Asset,Assets,100814,ABDUL SATTAR SB,0.0,0.0,True,0
Asset,Assets,100815,AFZAL DAIRY BUREWALA,0.0,0.0,True,0
Asset,Assets,100819,ZAIN BASHIR LTD. AFGHANISTAN,0.0,0.0,False,0
Asset,Assets,100821,DISCOUNT STORE,0.0,0.0,True,0
Asset,Assets,100823,HASSAN ALI CORPORATION,0.0,0.0,True,0
Asset,Assets,100825,ZOHAIB SB KOTLA,0.0,0.0,True,0
Asset,Assets,100832,ISRAR AHMED SB (SCRAP DEALER),0.0,0.0,True,0
Asset,Assets,100833,HAIDERI FOODS,0.0,0.0,False,0
Asset,Assets,100834,CHILLI FOOD,0.0,0.0,True,0
Asset,Assets,100838,KITE DETERGENT,0.0,0.0,True,0
Asset,Assets,100839,QAZI RAHIM ULLAH  SB,0.0,0.0,True,0
Asset,Assets,100840,USAMA CHEMICALS,0.0,0.0,True,0
Asset,Assets,100841,SHEIKH MUKHTAR TRADERS,0.0,0.0,True,0
Asset,Assets,100842,HAMI FOODS,0.0,0.0,False,0
Asset,Assets,100845,SMILE AID,0.0,0.0,True,0
Asset,Assets,100846,BILAL SB LIYAH,0.0,0.0,True,0
Asset,Assets,100847,REZIST,0.0,0.0,True,0
Asset,Assets,100848,ARSLAN ZAHID,0.0,0.0,True,0
Asset,Assets,100850,SARDAR TRADERS (ATTOCK),0.0,0.0,True,0
Asset,Assets,100852,YOUNAS ENTERPRISES (TOWER BAGS & CYLINDER),0.0,0.0,False,0
Asset,Assets,100855,GREEN SPARKLE (PVT) LTD,0.0,0.0,True,0
Asset,Assets,100856,SAJJAD SB (SHAFI SONS),0.0,0.0,False,0
Asset,Assets,100857,AKHROT DETEREGENT POWDER,0.0,0.0,True,0
Asset,Assets,100858,FAHAD TRADERS LAHORE,0.0,0.0,True,0
Asset,Assets,100860,SHAHI WASHING POWDER,0.0,0.0,True,0
Asset,Assets,100861,MOHSIN ENTERPRISES (PVT) LTD,0.0,0.0,True,0
Asset,Assets,100866,HAFIZ CHEMICALS DASKA,0.0,0.0,True,0
Asset,Assets,100867,SADAAT TRADERS DUDIYAL,0.0,0.0,True,0
Asset,Assets,100870,VIP WASH,0.0,0.0,True,0
Asset,Assets,100873,AMIR KHAN TRADERS,0.0,0.0,True,0
Asset,Assets,100875,RAHIL RAZZAQ SB,0.0,0.0,True,0
Asset,Assets,100878,KAMRAN TRADERS OKARA,0.0,0.0,True,0
Asset,Assets,100885,M.AQIB CHAUDHRY SB,0.0,0.0,True,0
Asset,Assets,100887,SADIQ MARKETING WEHRI,0.0,0.0,True,0
Asset,Assets,100888,SAAF DETERGENT,0.0,0.0,True,0
Asset,Assets,100889,BISMILLAH TRADERS,0.0,0.0,True,0
Asset,Assets,100890,RANA ARSHAD SB,0.0,0.0,True,0
Asset,Assets,100896,HUSNAIN TRADERS,0.0,0.0,True,0
Asset,Assets,100897,MUSHTAQ AHMAD SB (FBM PRODUCTS),0.0,0.0,False,0
Asset,Assets,100898,RAJA ISRAR SB,0.0,0.0,True,0
Asset,Assets,100899,DR. CHEMICALS SAHIWAL,0.0,0.0,True,0
Asset,Assets,100900,NAZIR SB (SCRAP DEALER),0.0,0.0,True,0
Asset,Assets,100901,ABDUL REHMAN TRADERS,0.0,0.0,False,0
Asset,Assets,100915,ATTA UR REHMAN TRADERS,0.0,0.0,True,0
Asset,Assets,100929,JAVEED IQBAL SB,0.0,0.0,True,0
Asset,Assets,1100,Bank Account,0.0,0.0,True,0
Asset,Assets,1215,WHT Receivable,0.0,0.0,True,0
Asset,Assets,1300,Inventory,0.0,0.0,True,0
Asset,Assets,1320,Packing Material Inventory,0.0,0.0,True,0
Asset,Assets,1330,Finished Goods Inventory,0.0,0.0,True,0
Asset,Assets,1340,Work in Process,0.0,0.0,True,0
Asset,Assets,1360,Employee Advances,0.0,0.0,True,0
Equity,Equity,3000,Owner's Equity,0.0,0.0,True,0
Equity,Equity,300001,FAYYAZ SB POULTARY A/C,0.0,0.0,False,0
Expense,Expenses,100023,MESS ACCOUNT,0.0,0.0,False,0
Expense,Expenses,100024,CHARITY A/C,0.0,0.0,False,0
Expense,Expenses,100025,CARIGE & FREIGHT EXPENSE DETERGENT,0.0,0.0,False,0
Expense,Expenses,100026,LABOUR CHARGES LOADING DETERGENT,0.0,0.0,False,0
Expense,Expenses,100027,REPAIR & MAINTENANCE DETERGENT PLANT,0.0,0.0,False,0
Expense,Expenses,100028,REPAIR & MAINTENANCE - PACKAGES PLANT,0.0,0.0,False,0
Expense,Expenses,100029,STATIONERY EXPENSES DETERGENT,0.0,0.0,False,0
Expense,Expenses,100030,MISC EXPENSES DETERGENT,0.0,0.0,False,0
Expense,Expenses,100031,ELECTRICITY CHARGES,0.0,0.0,False,0
Expense,Expenses,100032,GAS CHARGES,0.0,0.0,False,0
Expense,Expenses,100061,STATIONARY EXPENSE PACKAGES,0.0,0.0,False,0
Expense,Expenses,100062,LABOUR CHARGES LOADING PACKAGES,0.0,0.0,False,0
Expense,Expenses,100063,CARIGE & FRIEGHT EXPENSE PACKAGES,0.0,0.0,False,0
Expense,Expenses,100064,MISC EXPENSE PACKAGES,0.0,0.0,False,0
Expense,Expenses,100074,SALE TAX,0.0,0.0,False,0
Expense,Expenses,100075,BANK CHARGES,0.0,0.0,False,0
Expense,Expenses,100080,FED/SALETAX ON BANK CHARGES,0.0,0.0,False,0
Expense,Expenses,100158,W.H.TAX EXPORT,0.0,0.0,False,0
Expense,Expenses,100159,EDS CHARGES,0.0,0.0,False,0
Expense,Expenses,100171,SALARY EXPENSE ACCOUNT,0.0,0.0,False,0
Expense,Expenses,100177,EMPLOYEES SOCIAL SECURITY,0.0,0.0,False,0
Expense,Expenses,3999,Profit & Loss Clearing,0.0,0.0,True,0
Expense,Expenses,400008,SALES TEAM EXPENSES,0.0,0.0,False,0
Expense,Expenses,400009,OFFICE STATIONARY,0.0,0.0,False,0
Expense,Expenses,400010,YAHYA BUTT,0.0,0.0,False,0
Expense,Expenses,400012,SAEED KHAN (CONSTRUCTION WORKS),0.0,0.0,False,0
Expense,Expenses,400013,A.R MIRZA & COMPANY (CONSTRUCTION WORKS),0.0,0.0,False,0
Expense,Expenses,400016,FEROOZ PAPER MILL,0.0,0.0,False,0
Expense,Expenses,400018,MUHAMMAD SHAKEEL,0.0,0.0,False,0
Expense,Expenses,400020,CUSTOM EXPENSES,0.0,0.0,True,0
Expense,Expenses,400021,KHALID MEHMOOD PRITING MAINTENANCE,0.0,0.0,False,0
Expense,Expenses,400037,OFFICE EQUIPMENT,0.0,0.0,True,0
Expense,Expenses,400048,TELEPHONE EXPENSE (PTCL),0.0,0.0,True,0
Expense,Expenses,400049,JAHANZAIB AHMAD (ALUMINIUM WORKS),0.0,0.0,False,0
Expense,Expenses,400052,FLEXO GRAPHIC PRINTER INKS & ACCESSORIES,0.0,0.0,True,0
Expense,Expenses,400053,ZAHEER AHMAD CARPENTER,0.0,0.0,False,0
Expense,Expenses,400060,M.AFZAL (CONSTRUCTION WORKS),0.0,0.0,False,0
Expense,Expenses,400061,ABU SAEED (PRINTING PRESS),0.0,0.0,False,0
Expense,Expenses,400062,HOUSE FOR LABOUR,0.0,0.0,True,0
Expense,Expenses,400063,RIAZ HUSSAIN PASHA(CONTRACTOR),0.0,0.0,True,0
Expense,Expenses,400064,ENVIRONMENT (NOC),0.0,0.0,True,0
Expense,Expenses,400065,CHAMBER OF COMMERCE GUJRAT EXPENSES,0.0,0.0,True,0
Expense,Expenses,400066,WAQAS SB HOME CONSTRUCTION,0.0,0.0,True,0
Expense,Expenses,400069,BAGHDAD WOOD WORKS (NEW OFFICE DOOR),0.0,0.0,True,0
Expense,Expenses,400072,RAMZAN PACKAGE,0.0,0.0,True,0
Expense,Expenses,5000,Cost of Goods Sold,0.0,0.0,True,0
Expense,Expenses,5100,Purchase Expense,0.0,0.0,True,0
Expense,Expenses,5180,Inventory Revaluation,0.0,0.0,True,0
Expense,Expenses,5200,Operating Expenses,0.0,0.0,True,0
Expense,Expenses,5300,Factory Overheads,0.0,0.0,True,0
Expense,Expenses,6100,Admin Expenses,0.0,0.0,True,0
Expense,Expenses,6200,Salary Expense,0.0,0.0,True,0
Income,Income,100019,MISC SCRAP ITEMS,0.0,0.0,True,0
Income,Income,100081,EXCHANGE INCOME,0.0,0.0,False,0
Income,Income,100181,LOADING LABOUR INCOME,0.0,0.0,True,0
Income,Income,4100,Sales Returns,0.0,0.0,True,0
Income,Income,500005,REFUND INCOME,0.0,0.0,True,0
Liability,Liabilities,200003,JUNAID PACKAGES,0.0,0.0,False,0
Liability,Liabilities,200005,SAAD ENTERPRISES THREAD SUPPLIER,0.0,0.0,False,0
Liability,Liabilities,200006,KHALID YAQOOB SB,0.0,0.0,False,0
Liability,Liabilities,200011,FIRDOS SALT,0.0,0.0,False,0
Liability,Liabilities,200012,AKBARI TRADERS,0.0,0.0,False,0
Liability,Liabilities,200014,TAJ PIPE STORE,0.0,0.0,False,0
Liability,Liabilities,200018,MOBEEN PAPERS MART,0.0,0.0,True,0
Liability,Liabilities,200019,NAEEM PACKAGES,0.0,0.0,False,0
Liability,Liabilities,200020,MANSOOR QUETTA,0.0,0.0,False,0
Liability,Liabilities,200022,WAHAB PAPER MILLS,0.0,0.0,False,0
Liability,Liabilities,200027,SHAHEEN PAPER MILLS GUJRANWALA,0.0,0.0,False,0
Liability,Liabilities,200029,MUDASSAR SHAH BOILER,0.0,0.0,False,0
Liability,Liabilities,200030,SHABBIR HUSSAIN INSULATION DECK,0.0,0.0,False,0
Liability,Liabilities,200033,AL HADI CHEMICALS,0.0,0.0,True,0
Liability,Liabilities,200035,ALPHA CHEMICALS,0.0,0.0,False,0
Liability,Liabilities,200041,IMPORT OF TINOPAL,0.0,0.0,True,0
Liability,Liabilities,200042,FAHAD UMAIR,0.0,0.0,False,0
Liability,Liabilities,200043,SYNTRONICS LIMITED,0.0,0.0,False,0
Liability,Liabilities,200044,NEELAM PAPER MILLS HATTAR,0.0,0.0,False,0
Liability,Liabilities,200046,A.Z PACKAGES,0.0,0.0,False,0
Liability,Liabilities,200047,HANFI TRADERS QUETTA,0.0,0.0,True,0
Liability,Liabilities,200048,MOHAMMAD ISHTIAQ,0.0,0.0,False,0
Liability,Liabilities,200051,HAJI LAL GUL,0.0,0.0,False,0
Liability,Liabilities,200053,REHMAT CORPORATION,0.0,0.0,True,0
Liability,Liabilities,200055,C/O ABDULLAH ZAKI SB,0.0,0.0,True,0
Liability,Liabilities,200056,DYNAMIC CORP,0.0,0.0,False,0
Liability,Liabilities,200057,IMRAN PACKAGES,0.0,0.0,False,0
Liability,Liabilities,200059,FAZAL BARI,0.0,0.0,False,0
Liability,Liabilities,200060,UNITED MARBLE INDUSTRY,0.0,0.0,False,0
Liability,Liabilities,200062,AKBARI CHEMICAL INDUSTRIES (PVT) LTD,0.0,0.0,False,0
Liability,Liabilities,200063,FAHEEM FAISALABAD LASHKARA BAG,0.0,0.0,False,0
Liability,Liabilities,200064,MALIK BROTHERS LAHORE,0.0,0.0,False,0
Liability,Liabilities,200066,BISMILLAH ENGINEERING LAHORE,0.0,0.0,False,0
Liability,Liabilities,200067,AZIZ PACKAGES,0.0,0.0,False,0
Liability,Liabilities,200069,AZAM SB,0.0,0.0,False,0
Liability,Liabilities,200070,IMPORT OF MACHINERY (SOAP),0.0,0.0,False,0
Liability,Liabilities,200071,IMPORT OF MACHINERY (FLEXO),0.0,0.0,False,0
Liability,Liabilities,200072,TAJ ENGINEERING PESHAWAR,0.0,0.0,False,0
Liability,Liabilities,200073,FINE ARTS,0.0,0.0,False,0
Liability,Liabilities,200074,GUJRAT QAYYUM GOODS FORWARDING CO.,0.0,0.0,False,0
Liability,Liabilities,200075,PRIME CONCRETE COMPANY GUJRAT,0.0,0.0,False,0
Liability,Liabilities,200077,IBRAHIM PAPERS MILLS C/O ATTA ULLAH,0.0,0.0,False,0
Liability,Liabilities,200078,PORSCHET PIERRES,0.0,0.0,False,0
Liability,Liabilities,200079,YASIN CORPORATION MULTAN,0.0,0.0,False,0
Liability,Liabilities,200080,ALTAF PRESS,0.0,0.0,False,0
Liability,Liabilities,200081,DD CAPITAL ACCOUNT,0.0,0.0,False,0
Liability,Liabilities,200083,AHMAD UMAIR SULPHONIC,0.0,0.0,False,0
Liability,Liabilities,200085,AHSAN ELECTRIC STORE GUJRANWALA,0.0,0.0,False,0
Liability,Liabilities,200086,FUZAIL SB KARACHI,0.0,0.0,False,0
Liability,Liabilities,200087,BAO BASHIR PAPERS LAHORE,0.0,0.0,False,0
Liability,Liabilities,200088,ABDULLAH CCTV,0.0,0.0,False,0
Liability,Liabilities,200091,HERO DETERGENT MULTAN,0.0,0.0,False,0
Liability,Liabilities,200092,PARACHA CHEMICALS FAISALABAD,0.0,0.0,True,0
Liability,Liabilities,200093,DHL PAKISTAN,0.0,0.0,False,0
Liability,Liabilities,200095,UMER ENTERPRISES,0.0,0.0,False,0
Liability,Liabilities,200100,MODERN CHEMICALS,0.0,0.0,False,0
Liability,Liabilities,200101,ZAM ZAM PLASTIC CONTAINER LAHORE,0.0,0.0,False,0
Liability,Liabilities,200102,HAFIZ WAQAS WALL REPAIR,0.0,0.0,False,0
Liability,Liabilities,200103,JAPAN POWER PLANT (LABSA PLANT TANK),0.0,0.0,False,0
Liability,Liabilities,200104,USMAN LABSA PLANT,0.0,0.0,False,0
Liability,Liabilities,200107,ADNAN KARACHI (PALM ACID),0.0,0.0,False,0
Liability,Liabilities,200110,JABBAR HUSSAIN (PRINTING DYE MAKER),0.0,0.0,True,0
Liability,Liabilities,200111,ARAB PACKAGES MULTAN,0.0,0.0,False,0
Liability,Liabilities,200112,AHMAD FILM PLATE MAKER GUJRANWALA,0.0,0.0,False,0
Liability,Liabilities,200113,IMPORT OF GRAVIURE MACHINE,0.0,0.0,False,0
Liability,Liabilities,200114,SITARA CHEMICALS FAISALABAD,0.0,0.0,False,0
Liability,Liabilities,200118,TRUCK IT IN,0.0,0.0,False,0
Liability,Liabilities,200119,SCAN WORLD FAISALABAD,0.0,0.0,False,0
Liability,Liabilities,200120,SHIEKH USMAN SHARAFAT & BROTHERS,0.0,0.0,False,0
Liability,Liabilities,200121,REHAN SCRAB GUJRAT,0.0,0.0,False,0
Liability,Liabilities,200122,MICRO GRINDING MILL(TALIB SB),0.0,0.0,False,0
Liability,Liabilities,200124,SHAFI SONS LIFTER A/C,0.0,0.0,False,0
Liability,Liabilities,200125,KAS CHEMICALS KARACHI,0.0,0.0,False,0
Liability,Liabilities,200126,PERVAIZ TRADERS FLEXO SHAHDRA,0.0,0.0,False,0
Liability,Liabilities,200128,ELITE CHEMICALS,0.0,0.0,False,0
Liability,Liabilities,200130,FAZAL PAPER MILLS,0.0,0.0,False,0
Liability,Liabilities,200131,INTERNATIONAL FRAGNANCE FACTORY,0.0,0.0,False,0
Liability,Liabilities,200133,ADVANCE ELEVATORS SERVICE,0.0,0.0,False,0
Liability,Liabilities,200134,MUHAMMAD SHAKEEL KHAN(LEATHER),0.0,0.0,False,0
Liability,Liabilities,200137,MADINA GODOWNS,0.0,0.0,True,0
Liability,Liabilities,200138,IMPORT OF TAED,0.0,0.0,False,0
Liability,Liabilities,200139,AHMAD CHEMICALS CO,0.0,0.0,False,0
Liability,Liabilities,200143,NAEEM SPECKLES KARACHI,0.0,0.0,False,0
Liability,Liabilities,200144,BLEACHER FILTER MULTAN,0.0,0.0,False,0
Liability,Liabilities,200145,SHAKIR WASTAGE MATERIAL,0.0,0.0,False,0
Liability,Liabilities,200148,SABIR SOAP STONE,0.0,0.0,False,0
Liability,Liabilities,200150,ZIA STONE GRINDING PVT LTD,0.0,0.0,False,0
Liability,Liabilities,200151,PAK GRINDING MILLS,0.0,0.0,False,0
Liability,Liabilities,200152,SHAHBAZ BHALWAL,0.0,0.0,False,0
Liability,Liabilities,200153,ARSHAD DOCTOR BLADE,0.0,0.0,False,0
Liability,Liabilities,200154,RIAZ GUJRANWALA(LAMINATION MACHINE),0.0,0.0,False,0
Liability,Liabilities,200156,FZ ENTERPRISES,0.0,0.0,True,0
Liability,Liabilities,200159,SILK CABLES GUJRANWALA,0.0,0.0,True,0
Liability,Liabilities,200166,H.H PACKAGES,0.0,0.0,False,0
Liability,Liabilities,200167,SHAMOON ZAKI KARACHI,0.0,0.0,True,0
Liability,Liabilities,200168,AMANULLAH SB  (WOOD SUPPLIER),0.0,0.0,False,0
Liability,Liabilities,200169,KHAILLI PACKAGES,0.0,0.0,False,0
Liability,Liabilities,200170,LAL KHAN DEONA MANDI(FIRE WOOD),0.0,0.0,False,0
Liability,Liabilities,200171,ABDUL SAMAD (LEATHER SCRAP),0.0,0.0,True,0
Liability,Liabilities,200172,AHSAN CHEMICALS LAHORE,0.0,0.0,False,0
Liability,Liabilities,200173,MEER JAN KHAN (WOOD SUPPLIER),0.0,0.0,False,0
Liability,Liabilities,200174,BIN RASHEED COLORS & CHEMICALS COMPANY,0.0,0.0,False,0
Liability,Liabilities,200177,REHAB INTERTRADE,0.0,0.0,False,0
Liability,Liabilities,200178,LAHORE PLAS PACKAGING,0.0,0.0,False,0
Liability,Liabilities,200179,AZHAR GRINDING MILLS,0.0,0.0,False,0
Liability,Liabilities,200181,MAMMAL PAPER FACTORY,0.0,0.0,False,0
Liability,Liabilities,200182,PARACHA SOAP & CHEMICALS INDUSTRIES,0.0,0.0,False,0
Liability,Liabilities,200184,MAKKA DYE MAKER(M.ARIF),0.0,0.0,False,0
Liability,Liabilities,200185,MUBASHIR SB (WOOD SUPPLIER),0.0,0.0,False,0
Liability,Liabilities,200186,MAKKA HARDWARE (PAINT) GUJRAT,0.0,0.0,False,0
Liability,Liabilities,200191,M&S PACKAGING PVT LTD,0.0,0.0,True,0
Liability,Liabilities,200193,FAISAL DESIGNER,0.0,0.0,False,0
Liability,Liabilities,200201,CHENAB SECURITY SYSTEM & SOLAR ENERGY,0.0,0.0,False,0
Liability,Liabilities,200205,WARRICH ACID AGENCY GUJRAT,0.0,0.0,False,0
Liability,Liabilities,200206,SHAHAN TRADER (CLEARING AGENT),0.0,0.0,True,0
Liability,Liabilities,200208,MUHAMMAD AFZAAL(PALM ACID OIL),0.0,0.0,False,0
Liability,Liabilities,200214,LIAQUAT RUBBER ROLLER,0.0,0.0,False,0
Liability,Liabilities,200221,POWER LINKS ENGINEERING AND TRADER,0.0,0.0,False,0
Liability,Liabilities,200223,SHABAB PINSAR STORE,0.0,0.0,False,0
Liability,Liabilities,200224,MAQBOOL ENGINEERING,0.0,0.0,False,0
Liability,Liabilities,200225,SHOAIB DYE MAKER,0.0,0.0,False,0
Liability,Liabilities,200226,FIRE CARE (SHAHZAD),0.0,0.0,False,0
Liability,Liabilities,200232,REHMAT KHAN,0.0,0.0,True,0
Liability,Liabilities,200236,ABU BAKAR PRINTING PRESS,0.0,0.0,False,0
Liability,Liabilities,200239,LAL SOAP FACTORY,0.0,0.0,False,0
Liability,Liabilities,200240,TAHIR ASAD INDUSTRIES (PVT) LTD,0.0,0.0,True,0
Liability,Liabilities,200243,HABIB ULLAH GODOWN,0.0,0.0,False,0
Liability,Liabilities,200244,AL QAMAR IMPORTS,0.0,0.0,False,0
Liability,Liabilities,200246,KABEER ALI BOTTLE CONTRACTOR,0.0,0.0,True,0
Liability,Liabilities,200249,MIAN WALI (WOOD SUPPLIER),0.0,0.0,True,0
Liability,Liabilities,200250,NOOR UL AMEEN LABSA,0.0,0.0,True,0
Liability,Liabilities,200251,I PAK,0.0,0.0,True,0
Liability,Liabilities,200255,MAJEED SONS,0.0,0.0,False,0
Liability,Liabilities,200258,ZEESHAN ETHYL,0.0,0.0,False,0
Liability,Liabilities,200259,MUHAMMAD UMAR NISAR GRAVEUR GAS CONVERSION,0.0,0.0,False,0
Liability,Liabilities,200261,KALEEM ULLAH(FIREWOOD),0.0,0.0,False,0
Liability,Liabilities,200267,GONDAL ROOF,0.0,0.0,False,0
Liability,Liabilities,200268,SAFEENA FOODS INDUSTRY,0.0,0.0,False,0
Liability,Liabilities,200269,HAROON GENERAL PIPE,0.0,0.0,False,0
Liability,Liabilities,200271,ZAKI SB FRAGNANACE BALANCE,0.0,0.0,False,0
Liability,Liabilities,200272,GOLDEN PACKAGES PVT LTD,0.0,0.0,True,0
Liability,Liabilities,200275,SWIFT TECH,0.0,0.0,True,0
Liability,Liabilities,200276,MILH SALT LAHORE,0.0,0.0,True,0
Liability,Liabilities,200278,AR PLASTIC,0.0,0.0,True,0
Liability,Liabilities,200279,KHAWAJA ADNAN OTHER,0.0,0.0,False,0
Liability,Liabilities,200281,SRP SCIENTIFIC SUPPLIES,0.0,0.0,False,0
Liability,Liabilities,200284,STEAM GENERATOR,0.0,0.0,False,0
Liability,Liabilities,200286,MULTI NET (ABDUL SALAM),0.0,0.0,False,0
Liability,Liabilities,200288,NISAR KHAN KEROSENE OIL,0.0,0.0,False,0
Liability,Liabilities,200291,T.M CARGO,0.0,0.0,False,0
Liability,Liabilities,200292,DAR COMMUNICATION,0.0,0.0,False,0
Liability,Liabilities,200293,BAWALI ARCHITECT,0.0,0.0,False,0
Liability,Liabilities,200299,KHADIM HUSSAIN(CEILING WORK),0.0,0.0,False,0
Liability,Liabilities,200300,ORIENT TRADERS,0.0,0.0,False,0
Liability,Liabilities,200304,NUSRAT ALI GONDAL(WATER PROOF),0.0,0.0,False,0
Liability,Liabilities,200306,HM CHEMICALS (PVT) LTD,0.0,0.0,True,0
Liability,Liabilities,200309,HALL CONSTRUCTION,0.0,0.0,False,0
Liability,Liabilities,200313,PAKISTAN SYNTHETIC LTD (PSL),0.0,0.0,True,0
Liability,Liabilities,200316,ABDULLAH TRADERS (YAQOOB SB LHR),0.0,0.0,True,0
Liability,Liabilities,200320,NEWTEK TECHNOLOGY SOLUTIONS,0.0,0.0,False,0
Liability,Liabilities,200321,SOLVE TECH INKS & CHEMICALS,0.0,0.0,False,0
Liability,Liabilities,200322,ATS SYNTHETIC N (PVT)LTD,0.0,0.0,False,0
Liability,Liabilities,200324,BISMILLAH CHEMICAL,0.0,0.0,True,0
Liability,Liabilities,200329,HASSAN JAVED SIALKOT,0.0,0.0,True,0
Liability,Liabilities,200335,WALEED ENTERPRISES,0.0,0.0,False,0
Liability,Liabilities,200338,KHAWAJA MUHAMMAD TAYYAB SALT SUPPLIER,0.0,0.0,False,0
Liability,Liabilities,200342,ZAMEER AHMAD MALIK (SALT DEALER),0.0,0.0,True,0
Liability,Liabilities,200346,KHUSHAB SODA ASH,0.0,0.0,True,0
Liability,Liabilities,200349,ASIM PREFORM,0.0,0.0,True,0
Liability,Liabilities,200350,ZAHEER ABBAS (SALT DEALER),0.0,0.0,True,0
Liability,Liabilities,200361,SOHAIL GRINDING MILL,0.0,0.0,True,0
Liability,Liabilities,200384,NOMAN SB (WATER BASE),0.0,0.0,True,0
Liability,Liabilities,2100,Sales Tax Payable,0.0,0.0,True,0
Liability,Liabilities,2115,WHT Payable,0.0,0.0,True,0
Liability,Liabilities,2150,Salary Payable,0.0,0.0,True,0
Liability,Liabilities,2160,EOBI Payable,0.0,0.0,True,0
Liability,Liabilities,2165,Social Security Payable,0.0,0.0,True,0
Liability,Liabilities,2170,Payroll Tax Payable,0.0,0.0,True,0
